Address,Price,Beds,Baths,Sqft
"1811 N Rockwell St UNIT H, Chicago, IL 60647Sold",455000,3,3,"1,454"
"2636 W Cortland St APT 2, Chicago, IL 60647Sold",309000,3,1,"1,100"
"3116 W Homer St, Chicago, IL 60647Sold",995000,4,4,"3,100"
"1702 N Washtenaw Ave # 2, Chicago, IL 60647Sold",430000,3,2,"1,500"
"2771 W Francis Pl UNIT 305N, Chicago, IL 60647Sold",465000,3,2,"1,400"
"2628 W Cortland St, Chicago, IL 60647Sold",750000,4,4,"2,226"
"1731 N Rockwell St, Chicago, IL 60647Sold",770000,4,4,"3,500"
"2544 W Bloomingdale Ave, Chicago, IL 60647Sold",530000,3,3,"2,400"
"2021 N Kedzie Ave APT 3E, Chicago, IL 60647Sold",387500,2,2,"1,350"
"2700 W Cortland St APT 2, Chicago, IL 60647Sold",302000,2,1,930
"2815 W Mclean Ave, Chicago, IL 60647Sold",325000,2,1,"1,036"
"2511 W Moffat St # 210-I, Chicago, IL 60647Sold",398000,3,2,"1,485"
"2527 W Moffat St, Chicago, IL 60647Sold",364000,1,1,"1,000"
"2511 W Moffat St APT 107, Chicago, IL 60647Sold",364000,2,1,"1,100"
"1726 N Kedzie Ave # G, Chicago, IL 60647Sold",284000,3,3,"1,114"
"1935 N Sawyer Ave # 1N, Chicago, IL 60647Sold",495000,4,3,"3,000"
"1636 N Whipple St, Chicago, IL 60647Sold",750000,4,4,"3,052"
"1664 N Francisco Ave, Chicago, IL 60647Sold",505000,4,2,"1,650"
"1720 N Talman Ave # 1, Chicago, IL 60647Sold",490000,3,3,"2,500"
"3212 W Wabansia Ave, Chicago, IL 60647Sold",702500,4,4,"3,000"
"3251 W Wabansia Ave # 1, Chicago, IL 60647Sold",300000,4,1,969
"3021 W Armitage Ave APT 305, Chicago, IL 60647Sold",424000,3,2,"1,500"
"2524 W Bloomingdale Ave APT A, Chicago, IL 60647Sold",425000,2,2,"1,250"
"2950 W Cortland St APT 1, Chicago, IL 60647Sold",280000,2,1,"1,094"
"1923 N Humboldt Blvd # 1, Chicago, IL 60647Sold",288000,3,2,"1,250"
"1846 N Rockwell St, Chicago, IL 60647Sold",480000,7,3,"1,620"
"1800 N California Ave # 2E, Chicago, IL 60647Sold",435000,2,2,"10,533"
"3024 W Armitage Ave # 1, Chicago, IL 60647Sold",545000,3,3,"1,690"
"2540 W Bloomingdale Ave, Chicago, IL 60647Sold",520000,3,3,"1,454"
"2028 N Point St, Chicago, IL 60647Sold",715000,4,4,"2,400"
"1720 N Kedzie Ave APT D, Chicago, IL 60647Sold",265000,2,3,"1,114"
"1939 N Sawyer Ave, Chicago, IL 60647Sold",347000,2,3,"1,800"
"1740 N Maplewood Ave APT 113, Chicago, IL 60647Sold",275000,1,1,830
"1625 N Francisco Ave, Chicago, IL 60647Sold",736000,4,4,"3,560"
"1702 N Washtenaw Ave # 3, Chicago, IL 60647Sold",500000,2,2,"1,500"
"2612 W Cortland St, Chicago, ILSold",425000,5,5,"4,200"
"2068 N Humboldt Blvd APT 3, Chicago, IL 60647Sold",500000,3,2,"1,550"
"1619 N Sawyer Ave, Chicago, IL 60647Sold",550000,2,2,"1,880"
"1820 N Fairfield Ave # 1, Chicago, IL 60647Sold",400000,3,2,900
"1740 N Talman Ave, Chicago, IL 60647Sold",825000,4,4,"4,000"
"1934 N Rockwell St # 1R, Chicago, IL 60647Sold",268000,2,1,"1,000"
"2110 N Bingham St, Chicago, IL 60647Sold",674500,3,3,"1,800"
"2046 N Whipple St, Chicago, IL 60647Sold",380000,4,2,"2,000"
"1934 N Washtenaw Ave APT 219, Chicago, IL 60647Sold",295000,2,1,"1,022"
"1905 N Albany Ave, Chicago, IL 60647Sold",559500,3,2,"1,610"
"1627 N Fairfield Ave # 2, Chicago, IL 60647Sold",372500,2,2,"1,300"
"1743 N Troy St # 1, Chicago, IL 60647Sold",725000,4,4,"3,084"
"2136 N Point St, Chicago, IL 60647Sold",999000,4,4,"3,505"
"1633 N Fairfield Ave, Chicago, IL 60647Sold",475000,4,2,"1,700"
"1743 N Troy St, Chicago, IL 60647Sold",725000,4,4,"3,084"
"1935 N Fairfield Ave APT 202, Chicago, IL 60647Sold",364000,1,1,"1,620"
"1935 N Fairfield Ave APT 202, Chicago, IL 60647Sold",364000,3,1,"1,700"
"2065 N Kedzie Ave APT 215, Chicago, IL 60647Sold",401000,3,3,"1,500"
"1936 N Albany Ave # 1, Chicago, IL 60647Sold",900000,4,4,"2,212"
"1803 N Kedzie Ave APT 202, Chicago, IL 60647Sold",365000,2,2,"1,400"
"2800 W North Ave UNIT 504, Chicago, IL 60647Sold",382500,2,2,"1,100"
"1928 N Kedzie Ave APT 302, Chicago, IL 60647Sold",370000,2,2,"1,336"
"1649 N Washtenaw Ave, Chicago, IL 60647Sold",800000,5,3,"3,800"
"3107 W Armitage Ave APT 3, Chicago, IL 60647Sold",422000,3,2,"1,400"
"1750 N Washtenaw Ave # 1, Chicago, IL 60647Sold",380000,3,1.5,"1,332"
"1743 N Fairfield Ave # 1, Chicago, IL 60647Sold",833000,3,3.5,"1,851"
"2555 W Moffat St UNIT C, Chicago, IL 60647Sold",503000,3,2.5,"2,250"
"1702 N Washtenaw Ave # 1, Chicago, IL 60647Sold",610000,4,4,"2,824"
"2948 W Cortland St APT 2, Chicago, IL 60647Sold",299000,2,2,"1,178"
"1718 N Talman Ave # 2, Chicago, IL 60647Sold",399500,2,2,"1,258"
"2636 W Cortland St APT 1, Chicago, IL 60647Sold",360000,3,2,"2,000"
"1620 N Mozart St APT 1S, Chicago, IL 60647Sold",321000,2,2,"1,200"
"1750 N Washtenaw Ave, Chicago, IL 60647Sold",380000,4,2,"1,900"
"2511 W Moffat St APT 204-D, Chicago, IL 60647Sold",425000,2,2,"1,300"
"2520 W Bloomingdale Ave APT A, Chicago, IL 60647Sold",425000,2,2,"1,250"
"1829 N Fairfield Ave # 1S, Chicago, IL 60647Sold",565000,4,3,"2,400"
"1743 N Fairfield Ave, Chicago, IL 60647Sold",833000,4,4,"3,200"
"1627 N Mozart St APT 1N, Chicago, IL 60647Sold",395000,3,3,"2,043"
"1740 N Maplewood Ave # P3D, Chicago, IL 60647Sold",342500,2,2,"1,107"
"1709 N Francisco Ave, Chicago, IL 60647Sold",765000,4,4,"3,200"
"1832 N Rockwell St # 3, Chicago, IL 60647Sold",540000,2,2,"1,300"
"1740 N Maplewood Ave APT 108, Chicago, IL 60647Sold",342500,2,2,"1,200"
"1700 N Whipple St, Chicago, IL 60647Sold",690000,4,3,"2,492"
"2026 N Point St, Chicago, IL 60647Sold",765000,4,4,"2,600"
"2550 N Lakeview Ave UNIT N1005, Chicago, IL 60614Sold",500000,1,1,960
"1827 N Talman Ave, Chicago, IL 60647Sold",700000,3,3,"3,000"
"3256 W Armitage Ave UNIT 6, Chicago, IL 60647Sold",382500,3,3,"2,400"
"1738 N Rockwell St, Chicago, IL 60647Sold",962500,5,4,"3,600"
"1900 N Francisco Ave, Chicago, IL 60647Sold",725000,4,4,"2,037"
"3051 W Armitage Ave # 2S, Chicago, IL 60647Sold",549000,4,3,"1,891"
"3051 W Armitage Ave # 3E, Chicago, IL 60647Sold",499000,3,2,"1,501"
"3051 W Armitage Ave # 2E, Chicago, IL 60647Sold",519000,3,3,"1,968"
"3051 W Armitage Ave # 2W, Chicago, IL 60647Sold",529000,3,3,"2,055"
"2808 W North Ave UNIT 4E, Chicago, IL 60647Sold",480000,3,3,"2,100"
"1839 N Whipple St APT 2, Chicago, IL 60647Sold",380000,3,2,"1,500"
"2021 N Kedzie Ave APT 3D, Chicago, IL 60647Sold",385000,2,2,"1,350"
"2740 W Armitage Ave APT 307S, Chicago, IL 60647Sold",400000,3,2,"1,250"
"2025 N Whipple St APT 3N, Chicago, IL 60647Sold",390000,2,2,"1,400"
"3262 W Armitage Ave UNIT 2, Chicago, IL 60647Sold",394000,3,3,"2,000"
"2624 W Armitage Ave # 4A, Chicago, IL 60647Sold",475000,3,2,"1,400"
"1950 N Richmond St, Chicago, IL 60647Sold",660000,5,4,"3,000"
"2644 W Cortland St, Chicago, IL 60647Sold",839500,4,3.5,"3,800"
"1748 N Washtenaw Ave, Chicago, IL 60647Sold",466500,4,2,"1,900"
"1642 N Mozart St, Chicago, IL 60647Sold",282500,4,1,"1,430"
"2704 W Cortland St APT 2, Chicago, IL 60647Sold",222000,2,1,750
"1726 N Kedzie Ave APT A, Chicago, IL 60647Sold",295000,3,3,"1,100"
"2735 W Armitage Ave APT 207, Chicago, IL 60647Sold",341500,2,2,"1,000"
"2023 N California Ave APT A3, Chicago, IL 60647Sold",345000,2,1,"1,200"
"2034 N Point St # 2, Chicago, IL 60647Sold",940000,4,4,"3,200"
"1722 N Sawyer Ave, Chicago, IL 60647Sold",780000,5,4,"3,150"
"2624 W Armitage Ave APT 2E, Chicago, IL 60647Sold",435000,3,2,"1,400"
"3024 W Armitage Ave # 9, Chicago, IL 60647Sold",585000,3,3,"1,730"
"1638 N Mozart St, Chicago, IL 60647Sold",815000,4,4,"3,100"
"1633 N Whipple St, Chicago, IL 60647Sold",585000,6,3,"2,500"
"2034 N Point St, Chicago, IL 60647Sold",940000,4,4,"3,200"
"2537 W Cortland St # 3, Chicago, IL 60647Sold",555000,2,2,"1,400"
"2600 W Bloomingdale Ave # 27, Chicago, IL 60647Sold",630000,4,3.5,"2,915"
"2855 W Dickens Ave, Chicago, IL 60647Sold",959000,4,4,"3,600"
"2021 N Kedzie Ave APT 4D, Chicago, IL 60647Sold",380000,2,2,"1,350"
"2544 W North Ave APT 3E, Chicago, IL 60647Sold",425000,2,2,"1,150"
"2600 W Bloomingdale Ave # 0, Chicago, IL 60647Sold",630000,4,4,"2,915"
"2735 W Armitage Ave APT 408, Chicago, IL 60647Sold",329000,2,2,"1,250"
"2735 W Armitage Ave APT 107, Chicago, IL 60647Sold",237500,1,2,740
"1923 N Richmond St, Chicago, IL 60647Sold",572500,6,4,800
"1920 N Sawyer Ave, Chicago, IL 60647Sold",330000,2,1,512
"1738 N Talman Ave, Chicago, IL 60647Sold",430000,7,4,"2,500"
"1636 N Mozart St, Chicago, IL 60647Sold",815000,4,4,"3,100"
"2800 W North Ave, Chicago, IL 60647Sold",387000,2,2,"1,450"
"2065 N Kedzie Ave APT 112, Chicago, IL 60647Sold",389000,3,3,"1,425"
"1812 N Washtenaw Ave, Chicago, IL 60647Sold",745000,3,4,"3,300"
"1729 N Maplewood Ave, Chicago, IL 60647Sold",870000,4,5,"3,800"
"3021 W Armitage Ave APT 203, Chicago, IL 60647Sold",401000,3,2,"1,432"
"2715 W Julia Ct, Chicago, IL 60647Sold",390000,4,2,"1,134"
"2518 W Cortland St, Chicago, IL 60647Sold",795000,4,4,"2,871"
"3024 W Armitage Ave # 6, Chicago, IL 60647Sold",555000,3,3,"1,730"
"1636 N Rockwell St APT 202, Chicago, IL 60647Sold",269000,2,2,"1,300"
"2800 W North Ave UNIT 404, Chicago, IL 60647Sold",387000,2,2,"1,100"
"2516 W Cortland St, Chicago, IL 60647Sold",795000,4,4,"2,871"
"1811 N Rockwell St UNIT P, Chicago, IL 60647Sold",530000,3,3,"2,200"
"2740 W Armitage Ave APT 302S, Chicago, IL 60647Sold",410000,2,2,"1,200"
"2021 N Kedzie Ave APT 3A, Chicago, IL 60647Sold",380000,2,2,"1,300"
"3069 W Armitage Ave APT 1N, Chicago, IL 60647Sold",375000,2,2,"1,263"
"2712 W Francis Pl # 2, Chicago, IL 60647Sold",320000,2,1,"1,500"
"1822 N Talman Ave, Chicago, IL 60647Sold",770500,3,3.5,"3,000"
"1629 N Talman Ave, Chicago, IL 60647Sold",737000,4,4,"2,124"
"2730 W Armitage Ave # 3W, Chicago, IL 60647Sold",550000,3,2,"1,700"
"2730 W Armitage Ave # 1W, Chicago, IL 60647Sold",699000,4,3,"3,000"
"2531 W Moffat St # 3, Chicago, IL 60647Sold",490000,2,2,"1,600"
"1944 N Albany Ave, Chicago, IL 60647Sold",585000,6,3,"3,000"
"1935 N Fairfield Ave APT 104, Chicago, IL 60647Sold",345000,2,2,"1,200"
"2720 W Cortland St APT 406, Chicago, IL 60647Sold",360000,2,2,975
"1719 N Richmond St, Chicago, IL 60647Sold",725000,4,4,"3,000"
"2042 N Point St # 3, Chicago, IL 60647Sold",530000,3,4,"2,600"
"1635 N Spaulding Ave, Chicago, IL 60647Sold",681000,9,6,"1,824"
"1834 N Rockwell St PH R, Chicago, IL 60647Sold",765000,4,3,"2,000"
"3256 W Armitage Ave UNIT 5, Chicago, IL 60647Sold",410000,3,3,"2,400"
"2537 W Cortland St # 2, Chicago, IL 60647Sold",467500,2,2,"1,400"
"2554 W Bloomingdale Ave, Chicago, IL 60647Sold",485000,3,3,"2,400"
"2025 N Whipple St APT 2N, Chicago, IL 60647Sold",340000,2,2,"1,600"
"2537 W Cortland St # 1, Chicago, IL 60647Sold",685000,4,3,"2,800"
"1712 N Albany Ave # 3, Chicago, IL 60647Sold",302000,2,2,"1,100"
"1740 N Maplewood Ave APT 316, Chicago, IL 60647Sold",289000,1,1,850
"1728 N Maplewood Ave, Chicago, IL 60647Sold",825000,4,4,"3,200"
"2056 N Sawyer Ave APT 3B, Chicago, IL 60647Sold",190000,1,1,700
"2600 W North Ave, Chicago, IL 60647Sold",377500,2,2,"1,130"
"1841 N Fairfield Ave, Chicago, IL 60647Sold",750000,4,4,"3,221"
"1856 N Sawyer Ave APT 201, Chicago, IL 60647Sold",286000,2,2,"1,100"
"2730 W Armitage Ave # 4W, Chicago, IL 60647Sold",580000,3,2,"1,750"
"1935 N Fairfield Ave APT 210, Chicago, IL 60647Sold",352000,2,2,"1,200"
"1722 N Mozart St, Chicago, IL 60647Sold",725000,4,4,"3,000"
"1935 N Fairfield Ave APT 401, Chicago, IL 60647Sold",366000,2,2,"1,223"
"1811 N Rockwell St # K, Chicago, IL 60647Sold",520000,3,3,"2,250"
"1812 N Rockwell St UNIT C, Chicago, IL 60647Sold",487000,3,3,"2,200"
"1623 N Washtenaw Ave # 2, Chicago, IL 60647Sold",390000,2,2,"1,200"
"1645 N Maplewood Ave # 3, Chicago, IL 60647Sold",419000,3,2,"1,131"
"1730 N Richmond St, Chicago, IL 60647Sold",690000,4,4,"3,000"
"1806 N Mozart St, Chicago, IL 60647Sold",910000,6,2,"3,370"
"2600 W North Ave APT 2F, Chicago, IL 60647Sold",377500,2,2,"1,130"
"2023 N California Ave # 2, Chicago, IL 60647Sold",230000,1,1,800
"1842 N Kedzie Ave # 3, Chicago, IL 60647Sold",480000,3,1.5,"1,575"
"1842 N Kedzie Ave APT 2, Chicago, IL 60647Sold",480000,3,3,"1,700"
"2730 W Armitage Ave # 1E, Chicago, IL 60647Sold",690000,4,3,"3,000"
"1812 N Sawyer Ave # 1R, Chicago, IL 60647Sold",432000,3,3,"1,900"
"2065 N Kedzie Ave APT 103, Chicago, IL 60647Sold",380000,2,2,"1,400"
"1854 N Talman Ave, Chicago, IL 60647Sold",735000,6,3,"3,000"
"1848 N California Ave, Chicago, IL 60647Sold",695000,5,1,"1,760"
"1848 N California Ave # 2, Chicago, IL 60647Sold",694900,3,3,"2,400"
"1753 N Troy St, Chicago, IL 60647Sold",817500,5,4,"3,600"
"3036 W North Ave, Chicago, IL 60647Sold",195000,1,1,900
"1740 N Maplewood Ave APT 210, Chicago, IL 60647Sold",290000,2,2,"1,100"
"1834 N Rockwell St PH F, Chicago, IL 60647Sold",799000,4,3,"2,000"
"2021 N Kedzie Ave APT 5C, Chicago, IL 60647Sold",389000,2,2,"1,252"
"2065 N Kedzie Ave APT 103, Chicago, IL 60647Sold",380000,3,2,"1,400"
"1801 N Talman Ave, Chicago, IL 60647Sold",815000,4,5,"3,630"
"2920 W North Ave, Chicago, IL 60647Sold",285000,1,1,"1,100"
"2808 W North Ave UNIT 3W, Chicago, IL 60647Sold",455000,3,3,"2,100"
"1740 N Maplewood Ave APT 210, Chicago, IL 60647Sold",290000,1,1,900
"2021 N Kedzie Ave APT 5D, Chicago, IL 60647Sold",366000,2,2,"1,350"
"2019 N Whipple St APT 1, Chicago, IL 60647Sold",590000,4,3,"2,600"
"2021 N Kedzie Ave APT 5D, Chicago, IL 60647Sold",330000,2,2,"1,350"
"2730 W Armitage Ave # 2W, Chicago, IL 60647Sold",525000,3,2,"1,700"
"1812 N Rockwell St UNIT F, Chicago, IL 60647Sold",555000,5,3,"2,659"
"1811 N California Ave APT 1-W, Chicago, IL 60647Sold",505000,3,3,"2,000"
"1740 N Maplewood Ave APT 118, Chicago, IL 60647Sold",375000,2,2,"1,400"
"2730 W Armitage Ave # 2E, Chicago, IL 60647Sold",530000,3,2,"1,700"
"2730 W Armitage Ave # 4E, Chicago, IL 60647Sold",595000,3,2,"1,750"
"1740 N Maplewood Ave APT 305, Chicago, IL 60647Sold",358000,2,2,"1,200"
"2062 N Bingham St, Chicago, IL 60647Sold",915000,4,4,"1,560"
"1812 N Sawyer Ave # 1F, Chicago, IL 60647Sold",449000,3,3,"1,900"
"2060 N Stave St # 2, Chicago, IL 60647Sold",647500,4,3,"1,928"
"1861 N Albany Ave, Chicago, IL 60647Sold",729000,4,4,"2,700"
"1748 N Talman Ave, Chicago, IL 60647Sold",450000,2,2,931
"3217 W Cortland St, Chicago, IL 60647Sold",400000,2,2,"1,349"
"1857 N Sawyer Ave # A, Chicago, IL 60647Sold",400000,2,2,"1,625"
"2720 W Cortland St APT 205, Chicago, IL 60647Sold",290000,2,2,950
"1707 N Troy St, Chicago, IL 60647Sold",542000,4,3,"3,000"
"1909 N Richmond St, Chicago, IL 60647Sold",280000,3,1,"1,620"
"1740 N Maplewood Ave APT 416, Chicago, IL 60647Sold",286000,1,1,"1,000"
"1720 N Kedzie Ave APT J, Chicago, IL 60647Sold",235000,3,3,"1,114"
"1726 N Kedzie Ave APT F, Chicago, IL 60647Sold",198000,3,3,"1,114"
"1803 N Talman Ave, Chicago, IL 60647Sold",700000,4,3,"3,815"
"3020 W Bloomingdale Ave, Chicago, IL 60647Sold",476000,2,3,"2,263"
"1740 N Maplewood Ave APT 205, Chicago, IL 60647Sold",382500,2,2,"1,100"
"2781 W Henry Ct, Chicago, IL 60647Sold",825000,3,4,"2,400"
"1740 N Maplewood Ave APT 404, Chicago, IL 60647Sold",410000,2,2,"1,200"
"1935 N Fairfield Ave APT 112, Chicago, IL 60647Sold",250000,1,1,850
"1710 N Albany Ave # 2, Chicago, IL 60647Sold",420000,3,2,"1,400"
"1935 N Fairfield Ave APT 304, Chicago, IL 60647Sold",359000,2,2,"1,200"
"1740 N Maplewood Ave APT 205, Chicago, IL 60647Sold",382500,2,2,"1,150"
"2730 W Armitage Ave # 3E, Chicago, IL 60647Sold",545000,3,2,"1,700"
"1729 N Spaulding Ave # 1, Chicago, IL 60647Sold",700000,4,4,"3,000"
"1659 N Francisco Ave, Chicago, IL 60647Sold",394000,5,3,"1,900"
"1709 N Washtenaw Ave, Chicago, IL 60647Sold",895000,5,5,"3,700"
"1637 N Whipple St, Chicago, IL 60647Sold",636500,4,4,"3,000"
"2532 W Bloomingdale Ave, Chicago, IL 60647Sold",515000,3,3,"2,400"
"2779 W Henry Ct # 1, Chicago, IL 60647Sold",775000,6,3,"3,000"
"2544 W North Ave APT 3D, Chicago, IL 60647Sold",389000,2,2,"1,250"
"1812 N Sawyer Ave # 3, Chicago, IL 60647Sold",534000,3,3,"2,100"
"1848 N California Ave # 1, Chicago, IL 60647Sold",585000,3,3,"2,400"
"1815 N Rockwell St, Chicago, IL 60647Sold",435000,3,2,"1,312"
"1812 N Sawyer Ave # 2, Chicago, IL 60647Sold",450000,3,3,"1,900"
"2063 N Mozart St, Chicago, IL 60647Sold",797500,4,4,"3,370"
"2041 N Whipple St, Chicago, IL 60647Sold",762000,4,4,"3,546"
"1747 N Albany Ave, Chicago, IL 60647Sold",800000,5,4,"3,200"
"2544 W North Ave, Chicago, IL 60647Sold",389000,2,2,"1,250"
"1703 N Fairfield Ave, Chicago, IL 60647Sold",880000,4,4,"1,996"
"1816 N Rockwell St # B, Chicago, IL 60647Sold",500000,3,3.5,"2,684"
"2525 W Cortland St, Chicago, IL 60647Sold",810000,5,4,"3,645"
"1724 N Talman Ave # 5, Chicago, IL 60647Sold",537000,8,3,"3,280"
"1734 Mozart, Chicago, IL 60647Sold",389000,4,2,"3,200"
"2547 W Moffat St # 1, Chicago, IL 60647Sold",518000,3,3,"2,400"
"1915 N Sawyer Ave, Chicago, IL 60647Sold",462000,3,2,"3,300"
"1719 N Rockwell St, Chicago, IL 60647Sold",445000,4,2,"2,100"
"2044 N Whipple St, Chicago, IL 60647Sold",933500,4,4,"3,750"
"1942 N Francisco Ave APT 2S, Chicago, IL 60647Sold",360000,2,2,"1,052"
"2019 N Sawyer Ave # 1, Chicago, IL 60647Sold",400000,2,2,"2,256"
"1720 N Kedzie Ave APT C, Chicago, IL 60647Sold",235000,3,3,"1,350"
"1710 N Albany Ave # 1, Chicago, IL 60647Sold",546250,5,3,"2,900"
"1829 N Albany Ave, Chicago, IL 60647Sold",935000,4,4,"3,500"
"3262 W Armitage Ave UNIT 5, Chicago, IL 60647Sold",287500,3,3,"1,976"
"1816 N California Ave APT 3N, Chicago, IL 60647Sold",502900,2,2,"1,400"
"2740 W Armitage Ave APT 403S, Chicago, IL 60647Sold",380000,2,2,"1,200"
"1751 N Talman Ave, Chicago, IL 60647Sold",744000,4,4,"3,200"
"1907 N Whipple St # 2, Chicago, IL 60647Sold",335000,2,1,"1,500"
"2644 W Cortland St, Chicago, IL 60647Sold",889000,4,4,"3,800"
"2634 W Cortland St, Chicago, IL 60647Sold",889000,5,4,"4,000"
"1816 N Rockwell St UNIT B, Chicago, IL 60647Sold",500000,3,4,"2,684"
"1733 N Albany Ave, Chicago, IL 60647Sold",610000,4,3,"2,950"
"2544 W North Ave, Chicago, IL 60647Sold",373000,2,2,"1,533"
"1740 N Maplewood Ave # P1A, Chicago, IL 60647Sold",345000,2,1,"1,100"
"1621 N Mozart St APT 1N, Chicago, IL 60647Sold",450000,3,3,"2,400"
"1733 N Mozart St, Chicago, IL 60647Sold",685000,4,4,"3,000"
"2720 W Cortland St APT 203, Chicago, IL 60647Sold",305000,2,2,980
"1849 N Mozart St, Chicago, IL 60647Sold",607000,5,3,"2,500"
"1702 N Maplewood Ave # 1, Chicago, IL 60647Sold",647000,4,4,"3,100"
"1736 N Francisco Ave, Chicago, IL 60647Sold",295000,4,4,"2,100"
"2511 W Moffat St # P-45, Chicago, IL 60647Sold",380500,2,2,"1,431"
"2511 W Moffat St APT 302-K, Chicago, IL 60647Sold",380500,2,2,"1,431"
"1700 N Talman Ave APT 3, Chicago, IL 60647Sold",435000,2,2,"1,400"
"2512 W Bloomingdale Ave APT B, Chicago, IL 60647Sold",400000,2,2,"1,300"
"2948 W Cortland St APT 1, Chicago, IL 60647Sold",290000,2,2,"1,100"
"1827 N Fairfield Ave APT 3N, Chicago, IL 60647Sold",420000,2,2,"1,250"
"2023 N California Ave # 3, Chicago, IL 60647Sold",235000,1,1,760
"2720 W Cortland St APT 408, Chicago, IL 60647Sold",250000,1,1,700
"2735 W Armitage Ave APT 201, Chicago, IL 60647Sold",408000,2,2,"1,397"
"1734 N Humboldt Blvd, Chicago, IL 60647Sold",949000,4,4,"3,700"
"3107 W Armitage Ave # 2, Chicago, IL 60647Sold",412500,3,2,"1,500"
"2735 W Armitage Ave APT 105, Chicago, IL 60647Sold",256000,1,1,765
"1842 N Kedzie Ave APT 1R, Chicago, IL 60647Sold",437500,3,3,"1,700"
"1643 N Washtenaw Ave, Chicago, IL 60647Sold",885000,4,4,"3,200"
"1648 N Troy St, Chicago, IL 60647Sold",620000,4,3.1,"3,300"
"3200 W North Ave, Chicago, IL 60647Sold",165000,2,2,"1,250"
"1907 N Richmond St, Chicago, IL 60647Sold",635000,3,4,"1,619"
"1827 N Fairfield Ave APT 3N, Chicago, IL 60647Sold",420000,2,2,"1,100"
"1818 N Fairfield Ave, Chicago, IL 60647Sold",860000,5,5,"4,000"
"3021 W Armitage Ave APT 401, Chicago, IL 60647Sold",395500,2,2,"1,329"
"1742 N Troy St, Chicago, IL 60647Sold",745000,5,4,"3,000"
"2550 N Lakeview Ave UNIT N602, Chicago, IL 60614Sold",865000,1,2,"1,164"
"3120 W Cortland St # 2, Chicago, IL 60647Sold",342000,2,2,"1,200"
"1919 N Francisco Ave, Chicago, IL 60647Sold",341000,5,3,"1,942"
"3262 W Armitage Ave UNIT 1, Chicago, IL 60647Sold",362000,3,3,"2,200"
"1856 N Sawyer Ave APT 301, Chicago, IL 60647Sold",289000,2,2,950
"2778 W Francis Pl # G2, Chicago, IL 60647Sold",259000,3,2,"1,800"
"1856 N Sawyer Ave # 301, Chicago, IL 60647Sold",289000,2,2,"1,100"
"1735 N Spaulding Ave, Chicago, IL 60647Sold",500000,4,3,"3,076"
"1732 N Humboldt Blvd, Chicago, IL 60647Sold",949000,5,4,"3,820"
"1745 N Troy St, Chicago, IL 60647Sold",685000,4,4,"2,800"
"1652 N Fairfield Ave # 1, Chicago, IL 60647Sold",443000,3,3,"2,100"
"1740 N Maplewood Ave APT 104, Chicago, IL 60647Sold",345000,1,1,"1,200"
"1640 N Rockwell St # 1A, Chicago, IL 60647Sold",500000,3,3,"1,800"
"2720 W Cortland St APT 308, Chicago, IL 60647Sold",234000,1,1,650
"1740 N Maplewood Ave APT 104, Chicago, IL 60647Sold",345000,2,2,"1,200"
"1704 N Troy St, Chicago, IL 60647Sold",532500,4,4,"2,400"
"1809 N Kedzie Ave # 2, Chicago, IL 60647Sold",505500,3,3,"2,139"
"1740 N Maplewood Ave APT 318, Chicago, IL 60647Sold",398000,2,2,"1,400"
"1814 N Kedzie Ave, Chicago, IL 60647Sold",615500,3,2,"1,700"
"1916 N Sawyer Ave, Chicago, IL 60647Sold",370000,6,2,"1,647"
"1809 N Kedzie Ave # 2, Chicago, IL 60647Sold",505016,3,3,"2,139"
"2041 N Sawyer Ave, Chicago, IL 60647Sold",809000,5,3,"1,200"
"1740 N Maplewood Ave APT 318, Chicago, IL 60647Sold",398000,2,2,"1,300"
"1803 N Fairfield Ave, Chicago, IL 60647Sold",538000,3,4,"3,100"
"1811 N Rockwell St, Chicago, IL 60647Sold",495000,3,3,"2,250"
"1923 N Mozart St, Chicago, IL 60647Sold",519000,6,4,"2,200"
"1811 N Rockwell St UNIT G, Chicago, IL 60647Sold",495000,3,2.5,"1,454"
"3053 Armitage Ave #C, Chicago, IL 60647Sold",249000,1,1,"1,000"
"3123 W Cortland St, Chicago, IL 60647Sold",250000,4,1,"1,200"
"3021 W Armitage Ave APT 408, Chicago, IL 60647Sold",275000,2,1,959
"2021 N Mozart St # 3, Chicago, IL 60647Sold",395000,2,2,"1,200"
"2045 N Kedzie Ave APT C3, Chicago, IL 60647Sold",397000,2,2,"1,180"
"2527 W Homer, Chicago, IL 60647Sold",707440,3,4,"2,270"
"3221 W Cortland St # 3, Chicago, IL 60647Sold",263750,2,1,900
"1811 Rockwell #1, Chicago, IL 60647Sold",495000,3,3,"1,200"
"1807 N Talman Ave, Chicago, IL 60647Sold",745000,5,4,"3,500"
"1915 N Fairfield Ave # 2, Chicago, IL 60647Sold",295000,3,2,"1,157"
"1740 N Maplewood Ave APT 407, Chicago, IL 60647Sold",405000,2,2,"1,150"
"1856 N Sawyer Ave # 302, Chicago, IL 60647Sold",295000,2,2,"1,250"
"1856 N Sawyer Ave APT 104, Chicago, IL 60647Sold",199500,2,1,"1,000"
"2910 W North Ave APT 4, Chicago, IL 60647Sold",320000,3,2,"1,350"
"1750 N Talman Ave, Chicago, IL 60647Sold",719900,4,4,"1,880"
"1655 N Humboldt Blvd # 1R, Chicago, IL 60647Sold",207000,2,1,800
"2076 N Stave St APT 1B, Chicago, IL 60647Sold",425000,3,3,"1,600"
"2021 N Kedzie Ave APT 3B, Chicago, IL 60647Sold",354500,2,2,"1,200"
"1939 N Sawyer Ave # 1, Chicago, IL 60647Sold",345000,2,2,"1,200"
"1740 N Maplewood Ave APT 407, Chicago, IL 60647Sold",405000,2,2,"1,170"
"1818 N Whipple St, Chicago, IL 60647Sold",899000,4,3.5,"3,900"
"1942 N Mozart St, Chicago, IL 60647Sold",932500,4,4,"3,300"
"1818 N Whipple St, Chicago, IL 60647Sold",899000,2,1,850
"1643 N Albany Ave, Chicago, IL 60647Sold",670000,4,4,"3,000"
"1854 N Kedzie Ave # 2, Chicago, IL 60647Sold",281000,2,2,"1,000"
"1737 N Talman Ave, Chicago, IL 60647Sold",597500,4,4,"2,350"
"1929 N Whipple St, Chicago, IL 60647Sold",775000,4,4,"3,500"
"2720 W Cortland St APT 403, Chicago, IL 60647Sold",308500,2,1.5,"1,050"
"2025 N Bingham St, Chicago, IL 60647Sold",300000,3,3.5,861
"1617 N Albany Ave, Chicago, IL 60647Sold",740000,5,4,"3,000"
"1615 N Albany Ave, Chicago, IL 60647Sold",740000,5,4,"3,000"
"1622 N Richmond St, Chicago, IL 60647Sold",640000,4,4,"2,700"
"1833 N Talman Ave, Chicago, IL 60647Sold",750000,3,4,"3,000"
"3114 W Cortland St, Chicago, IL 60647Sold",539000,4,3,"2,000"
"2066 N Stave St, Chicago, IL 60647Sold",675000,4,3,"1,928"
"2052 N Bingham St, Chicago, IL 60647Sold",300000,3,2,"1,370"
"2045 N Kedzie Ave APT A1, Chicago, IL 60647Sold",420000,2,3,"1,837"
"1935 N Fairfield Ave APT 213, Chicago, IL 60647Sold",275000,1,1,800
"2735 W Armitage Ave APT 307, Chicago, IL 60647Sold",355000,2,2,"1,200"
"2045 N Kedzie Ave APT A3, Chicago, IL 60647Sold",420000,2,2,"1,200"
"2740 W Armitage Ave APT 306S, Chicago, IL 60647Sold",380000,2,2,"1,100"
"2013 N Whipple St, Chicago, IL 60647Sold",975000,5,4,"3,102"
"1821 N Mozart St, Chicago, IL 60647Sold",615000,6,4,"3,048"
"3256 W Armitage Ave UNIT 4, Chicago, IL 60647Sold",380000,3,3,"2,200"
"2735 Armitage #307, Chicago, IL 60647Sold",355000,2,2,"1,200"
"1740 N Maplewood Ave APT 408, Chicago, IL 60647Sold",379000,2,2,"1,107"
"1712 N Washtenaw Ave # G, Chicago, IL 60647Sold",120000,2,1,750
"2054 N California Ave APT A, Chicago, IL 60647Sold",417000,3,2,"1,425"
"1711 N Whipple St, Chicago, IL 60647Sold",799900,6,3,"1,000"
"2038 N Stave St # 1, Chicago, IL 60647Sold",540000,3,3,"1,564"
"2108 N Bingham St, Chicago, IL 60647Sold",890000,4,4,"3,000"
"1834 N Kedzie Ave APT 1F, Chicago, IL 60647Sold",356000,2,3,"1,600"
"1631 Richmond, Chicago, IL 60647Sold",648000,7,3,"4,884"
"2808 W North Ave UNIT 4W, Chicago, IL 60647Sold",465000,3,3,"2,100"
"1655 N Fairfield Ave APT 401, Chicago, IL 60647Sold",250000,2,2,"1,200"
"2019 Whipple St ##3, Chicago, IL 60647Sold",420000,2,2,"1,000"
"1712 N Washtenaw Ave # 2B, Chicago, IL 60647Sold",170000,2,1,800
"1712 N Washtenaw Ave APT 2R, Chicago, IL 60647Sold",170000,2,1,850
"2040 N Stave St, Chicago, IL 60647Sold",752500,4,4,"3,100"
"1935 N Fairfield Ave APT 205, Chicago, IL 60647Sold",270000,2,1,950
"1822 N California Ave, Chicago, IL 60647Sold",690000,4,5,"3,200"
"1934 N Washtenaw Ave APT 412, Chicago, IL 60647Sold",297500,2,1,950
"1816 N Rockwell St # C, Chicago, IL 60647Sold",480000,4,3,"2,200"
"1702 N Talman Ave, Chicago, IL 60647Sold",689000,4,4,"2,128"
"1924 California #1, Chicago, IL 60647Sold",515000,3,3,"2,600"
"1740 N Maplewood Ave APT 310, Chicago, IL 60647Sold",260000,1,1,900
"1740 N Maplewood Ave APT 201, Chicago, IL 60647Sold",307500,2,2,"1,200"
"1706 N Rockwell St # 2, Chicago, IL 60647Sold",865000,3,3.5,"2,306"
"1922 N Washtenaw Ave # 1E, Chicago, IL 60647Sold",362000,3,1,"2,500"
"2048 N Whipple St, Chicago, IL 60647Sold",391000,5,3,"2,650"
"2056 N Sawyer Ave APT 2B, Chicago, IL 60647Sold",165000,1,1,700
"1714 N Maplewood Ave, Chicago, IL 60647Sold",680000,4,4,"3,100"
"2541 W Cortland St # 1, Chicago, IL 60647Sold",590000,2,1,850
"1740 N Maplewood Ave APT 204, Chicago, IL 60647Sold",347500,2,2,"1,180"
"1924 N California Ave # 2, Chicago, IL 60647Sold",395000,2,2,"1,300"
"1620 N Humboldt Blvd # 1, Chicago, IL 60647Sold",495000,4,3,"2,900"
"1749 N Talman Ave, Chicago, IL 60647Sold",785000,4,5,"4,290"
"1847 Kedzie #3N3N, Chicago, IL 60647Sold",360000,2,2,"1,000"
"1847 Kedzie #3SS, Chicago, IL 60647Sold",370000,2,2,"1,000"
"1624 N Fairfield Ave, Chicago, IL 60647Sold",480000,2,1,"1,008"
"1847 Kedzie #2N2N, Chicago, IL 60647Sold",330000,2,2,"1,000"
"2771 W Francis Pl UNIT 201N, Chicago, IL 60647Sold",329000,2,2,"1,100"
"2735 W Armitage Ave APT 407, Chicago, IL 60647Sold",347000,2,2,"1,200"
"1847 Kedzie #2SSS, Chicago, IL 60647Sold",320000,2,2,"1,000"
"1707 N Francisco Ave, Chicago, IL 60647Sold",290000,3,1,"1,713"
"1943 N Albany Ave, Chicago, IL 60647Sold",630000,4,4,"3,000"
"3218 W Wabansia Ave # 1, Chicago, IL 60647Sold",385000,6,3,"2,932"
"1729 N Washtenaw Ave, Chicago, IL 60647Sold",636000,4,4,"2,300"
"1711 N Talman Ave, Chicago, IL 60647Sold",699000,4,4,"2,400"
"1906 Campbell #A, Chicago, IL 60647Sold",764885,3,4,"2,500"
"1915 N Kedzie Ave, Chicago, IL 60647Sold",740000,4,3,"2,500"
"2511 W Moffat St APT 203, Chicago, IL 60647Sold",386500,2,2,"1,115"
"1623 N Rockwell St, Chicago, IL 60647Sold",850000,4,4,"3,000"
"2511 W Moffat St APT 503-F, Chicago, IL 60647Sold",335000,1,1,"1,150"
"2045 N Kedzie Ave APT A2, Chicago, IL 60647Sold",367500,2,2,"1,024"
"1816 N California Ave APT 3S, Chicago, IL 60647Sold",499000,2,2,"1,400"
"1623 Rockwell, Chicago, IL 60647Sold",850000,4,4,"3,000"
"1923 N Humboldt Blvd # 4, Chicago, IL 60647Sold",362500,3,2,"1,300"
"2061 N Bingham St, Chicago, IL 60647Sold",340000,4,4,"1,368"
"2511 W Moffat St APT 106E, Chicago, IL 60647Sold",340000,1,2,"1,018"
"1743 N Maplewood Ave, Chicago, IL 60647Sold",968000,2,1,"1,578"
"1938 Francisco #4S, Ave, IL 60647Sold",551000,3,2,"9,999"
"2524 W Moffat St, Chicago, IL 60647Sold",378000,4,4,"3,300"
"2558 W Bloomingdale Ave, Chicago, IL 60647Sold",520000,3,3,"2,250"
"1643 N Humboldt Blvd # 2, Chicago, IL 60647Sold",338000,2,2,"1,400"
"1935 N Sawyer Ave # 3N, Chicago, IL 60647Sold",365000,3,2,"1,584"
"1710 N Francisco Ave, Chicago, IL 60647Sold",625000,4,4,"3,525"
"2034 N Humboldt Blvd APT 3W, Chicago, IL 60647Sold",260500,2,1,920
"1925 N Humboldt Blvd # 3, Chicago, IL 60647Sold",365000,3,2,"1,250"
"1663 N Francisco Ave, Chicago, IL 60647Sold",590000,3,2,"2,543"
"2021 N Kedzie Ave APT 2F, Chicago, IL 60647Sold",360000,2,2,"1,350"
"2518 Cortland, Chicago, IL 60647Sold",770000,3,3,"2,000"
"2034 N Humboldt Blvd APT 3E, Chicago, IL 60647Sold",260400,3,2,"1,400"
"2720 W Cortland St APT 401, Chicago, IL 60647Sold",331000,2,2,980
"1640 N Rockwell St UNIT 2, Chicago, IL 60647Sold",515000,3,2,"1,700"
"1915 N Francisco Ave # 1, Chicago, IL 60647Sold",580000,4,4,"2,600"
"1817 N Rockwell St, Chicago, IL 60647Sold",435000,3,2,"1,500"
"2511 W Moffat St APT 206-E, Chicago, IL 60647Sold",310000,1,2,"1,200"
"2511 W Moffat St APT 501-L, Chicago, IL 60647Sold",395500,2,2,"1,300"
"1649 N Sawyer Ave, Chicago, IL 60647Sold",320000,4,3,"1,900"
"1902 N Mozart St, Chicago, IL 60647Sold",628000,7,4,600
"2906 W North Ave, Chicago, IL 60647Sold",1.04M1,1,6,"2,800"
"1823 N Rockwell St, Chicago, IL 60647Sold",430000,3,2,"1,850"
"1827 N Albany Ave # 1, Chicago, IL 60647Sold",605000,3,4,"3,000"
"1935 N Fairfield Ave APT 108, Chicago, IL 60647Sold",275000,2,1,"1,400"
"1720 N Kedzie Ave APT K, Chicago, IL 60647Sold",225000,3,3,"1,114"
"2735 W Armitage Ave APT 304, Chicago, IL 60647Sold",335000,2,2,"1,200"
"1811 N Fairfield Ave, Chicago, IL 60647Sold",685000,4,4,"3,400"
"1740 N Maplewood Ave APT 220, Chicago, IL 60647Sold",340000,2,1,"1,037"
"1740 N Maplewood Ave # P-21, Chicago, IL 60647Sold",340000,2,1,"1,037"
"1856 N Sawyer Ave APT 303, Chicago, IL 60647Sold",248000,2,2,"1,100"
"1740 N Maplewood Ave APT 203, Chicago, IL 60647Sold",335000,2,1,"1,000"
"1811 N Rockwell St, Chicago, IL 60647Sold",480000,3,2.5,"2,250"
"1929 N Sawyer Ave # 1, Chicago, IL 60647Sold",459000,4,3,"2,650"
"1801 N Fairfield Ave, Chicago, IL 60647Sold",760000,4,4,"2,047"
"1817 N Francisco Ave, Chicago, IL 60647Sold",407500,2,2,"1,328"
"1850 N California #3, Chicago, IL 60647Sold",528500,2,2,"1,500"
"1931 N Spaulding Ave # 1, Chicago, IL 60647Sold",750000,4,2,"1,754"
"2042 N Point St # 1, Chicago, IL 60647Sold",562000,4,3,"2,400"
"2527 W Moffat St, Chicago, IL 60647Sold",460000,2,3,"2,200"
"1930 N California Ave, Chicago, IL 60647Sold",500000,4,2,"1,399"
"1636 N Rockwell St APT 401, Chicago, IL 60647Sold",242500,2,1,900
"1740 N Maplewood Ave APT 103, Chicago, IL 60647Sold",304000,2,1,"1,000"
"1640 N Whipple St # 3, Chicago, IL 60647Sold",305000,2,2,"1,200"
"2042 N Point St # 1, Chicago, IL 60647Sold",562000,3,3,"2,400"
"1831 N Albany Ave, Chicago, IL 60647Sold",520000,4,2.5,"1,824"
"1653 N Fairfield Ave APT 103, Chicago, IL 60647Sold",160000,2,1,800
"2076 N Stave St APT 2B, Chicago, IL 60647Sold",400000,3,3,"1,585"
"2065 N Kedzie Ave APT 328, Chicago, IL 60647Sold",376500,2,2,"1,400"
"1831 N Albany Ave, Chicago, IL 60647Sold",520000,3,3,"2,700"
"1623 N Albany Ave, Chicago, IL 60647Sold",415000,4,2,"1,620"
"1759 N Fairfield Ave, Chicago, IL 60647Sold",745000,4,4,"3,000"
"1715 N Rockwell St, Chicago, IL 60647Sold",700000,4,4,"2,710"
"1740 N Maplewood Ave APT 224, Chicago, IL 60647Sold",335500,1,1,"1,050"
"2047 N Mozart St UNIT 1, Chicago, IL 60647Sold",495000,3,3,"2,100"
"1622 N Mozart St APT 1N, Chicago, IL 60647Sold",385000,3,3,"2,200"
"1714 N Talman Ave # 2S, Chicago, IL 60647Sold",341000,2,2,"1,250"
"1928 N Kedzie Ave APT 206, Chicago, IL 60647Sold",272500,2,2,"1,000"
"2046 N Stave St, Chicago, IL 60647Sold",350000,3,1.5,"1,260"
"1645 N Talman Ave, Chicago, IL 60647Sold",785000,4,4,"2,520"
"1937 N Albany Ave, Chicago, IL 60647Sold",560000,7,4,"1,300"
"2735 W Armitage Ave APT 302, Chicago, IL 60647Sold",370000,2,2,"1,350"
"3069 W Armitage Ave APT 1S, Chicago, IL 60647Sold",356000,2,2,"1,250"
"2065 N Kedzie Ave APT 109, Chicago, IL 60647Sold",387500,3,2.5,"1,500"
"1740 N Maplewood Ave # P2A, Chicago, IL 60647Sold",347000,1,1,"1,100"
"1740 N Maplewood Ave APT 211, Chicago, IL 60647Sold",268000,1,1,"1,000"
"2710 W Cortland St, Chicago, IL 60647Sold",928000,5,4,"3,400"
"2735 W Cortland St, Chicago, IL 60647Sold",830000,4,3,"3,400"
"1831 N Fairfield Ave # 1N, Chicago, IL 60647Sold",491000,4,3,"2,500"
"2512 W Bloomingdale Ave APT D, Chicago, IL 60647Sold",412500,2,2,"1,300"
"1829 N Fairfield Ave # 2S, Chicago, IL 60647Sold",399000,2,2,"1,500"
"1934 N Washtenaw Ave APT 208, Chicago, IL 60647Sold",380000,2,2,"1,200"
"1816 N Rockwell St, Chicago, IL 60647Sold",480000,3,3,"2,200"
"1817 N Mozart St, Chicago, IL 60647Sold",750000,4,4,"2,900"
"1727 N Washtenaw Ave, Chicago, IL 60647Sold",725000,4,4,"3,167"
"1701 N Washtenaw Ave APT 1E, Chicago, IL 60647Sold",485000,3,3,"1,800"
"1740 N Maplewood Ave APT 413, Chicago, IL 60647Sold",269900,1,1,880
"1845 N California Ave # 3, Chicago, IL 60647Sold",342000,3,2,"1,200"
"1645 N Humboldt Blvd # 1S, Chicago, IL 60647Sold",288000,3,2,"1,400"
"2120 N Point St # 3, Chicago, IL 60647Sold",380000,2,2,"1,300"
"1740 N Maplewood Ave APT 320, Chicago, IL 60647Sold",347500,2,1,"1,037"
"3219 W Dickens Ave # 1, Chicago, IL 60647Sold",645000,4,3,"2,736"
"2771 W Francis Pl UNIT 301N, Chicago, IL 60647Sold",346000,2,2,"1,100"
"1636 N Rockwell St APT 201, Chicago, IL 60647Sold",235000,2,1,"1,700"
"1722 N Richmond St, Chicago, IL 60647Sold",780000,5,4,"3,600"
"2800 W North Ave, Chicago, IL 60647Sold",410000,2,2,"1,480"
"1901 N Humboldt Blvd, Chicago, IL 60647Sold",289000,3,2,"1,522"
"1740 N Maplewood Ave APT 312, Chicago, IL 60647Sold",275000,1,1,"1,003"
"2800 W North Ave, Chicago, IL 60647Sold",410000,1,1,900
"1934 N Washtenaw Ave APT 213, Chicago, IL 60647Sold",280500,2,1,940
"1901 N Humboldt Blvd APT 1, Chicago, IL 60647Sold",289000,3,2,"1,600"
"1801 N Francisco Ave, Chicago, IL 60647Sold",416000,3,2,"1,278"
"2740 W Armitage Ave PENTHOUSE 3, Chicago, IL 60647Sold",435000,3,2,"1,634"
"2558 W Cortland St, Chicago, IL 60647Sold",995000,4,4,"3,600"
"1800 N Washtenaw Ave, Chicago, IL 60647Sold",800000,4,4,"3,400"
"3268 W Wabansia Ave, Chicago, IL 60647Sold",480000,4,3,"2,611"
"2740 W Armitage Ave PENTHOUSE 1, Chicago, IL 60647Sold",391000,2,2,"1,300"
"1935 N Fairfield Ave APT 409, Chicago, IL 60647Sold",290500,2,1,"1,150"
"1718 N Talman Ave # 3, Chicago, IL 60647Sold",478000,2,2,"1,358"
"1740 N Maplewood Ave APT 109, Chicago, IL 60647Sold",360000,2,2,"1,232"
"1830 N Talman Ave, Chicago, IL 60647Sold",872500,4,4,"3,000"
"3132 W North Ave, Chicago, IL 60647Sold",325500,3,2,"1,900"
"2758 W Francis Pl APT 204, Chicago, IL 60647Sold",320000,2,2,"1,089"
"1708 N Mozart St, Chicago, IL 60647Sold",610000,4,4,"2,400"
"1745 N Whipple St, Chicago, IL 60647Sold",642000,4,2.5,"2,400"
"2511 W Moffat St # P-21, Chicago, IL 60647Sold",502500,2,3,"2,200"
"1640 N Rockwell St APT 1B, Chicago, IL 60647Sold",412000,3,3,"1,800"
"1827 N Mozart St, Chicago, IL 60647Sold",550000,5,4,"2,700"
"1856 N. Rockwell, Chicago, IL 60647Sold",930000,5,4,"3,000"
"1831 N Sawyer Ave, Chicago, IL 60647Sold",760000,3,1,"1,495"
"1911 N Francisco Ave, Chicago, IL 60647Sold",357000,5,2,"2,322"
"1756 N Rockwell St, Chicago, IL 60647Sold",869000,5,4,"2,507"
"1750 N Whipple St # 1, Chicago, IL 60647Sold",752500,3,3.5,"2,360"
"2758 W Francis Pl APT 102, Chicago, IL 60647Sold",290000,2,2,"1,054"
"3262 W Armitage Ave UNIT 3, Chicago, IL 60647Sold",354000,3,3,"2,000"
"3021 W Armitage Ave APT 407, Chicago, IL 60647Sold",370000,2,2,"1,300"
"2735 W Armitage Ave APT 502, Chicago, IL 60647Sold",355000,2,2,"1,326"
"1938 N Rockwell St, Chicago, IL 60647Sold",380000,2,1,"1,200"
"1851 N Mozart St, Chicago, IL 60647Sold",600000,3,3,"3,000"
"2604 W Bloomingdale Ave, Chicago, IL 60647Sold",482000,4,3,"1,872"
"1918 N Albany Ave, Chicago, IL 60647Sold",815000,4,4,"3,100"
"1809 N Washtenaw Ave, Chicago, IL 60647Sold",665000,5,4,"2,724"
"1711 N Mozart St, Chicago, IL 60647Sold",665000,4,4,"3,100"
"1838 N California Ave, Chicago, IL 60647Sold",697500,4,5,"3,240"
"2059 N Mozart St # 1, Chicago, IL 60647Sold",615000,3,3,"2,300"
"3223 W Dickens Ave # 1, Chicago, IL 60647Sold",600000,3,4,"2,000"
"2547 W Moffat St # H3, Chicago, IL 60647Sold",405000,2,2,"1,250"
"1740 N Maplewood Ave APT 202, Chicago, IL 60647Sold",265000,1,1,950
"1743 N Washtenaw Ave # 2, Chicago, IL 60647Sold",336000,2,2,"1,100"
