data,year,fieldlength,team,Commits,Avg,Five_Stars,Four_Stars,Three_Stars,TotalRecPoints
2017 1 1 Florida State 24 Commits 91.10 5-Star 4 4-Star 8 3-Star 12 292.88,2017,15,Florida State ,24,91.10,4,8,12,292.88
2017 2 2 Miami 24 Commits 88.68 5-Star 0 4-Star 10 3-Star 14 248.67,2017,14,Miami ,24,88.68,0,10,14,248.67
2017 3 4 Clemson 14 Commits 92.10 5-Star 2 4-Star 8 3-Star 4 238.91,2017,14,Clemson ,14,92.10,2,8,4,238.91
2017 4 3 Virginia Tech 27 Commits 86.13 5-Star 0 4-Star 5 3-Star 22 217.74,2017,15,Virginia Tech ,27,86.13,0,5,22,217.74
2017 5 5 North Carolina 20 Commits 86.43 5-Star 0 4-Star 4 3-Star 14 207.81,2017,15,North Carolina ,20,86.43,0,4,14,207.81
2017 6 6 Louisville 23 Commits 85.56 5-Star 0 4-Star 3 3-Star 18 205.15,2017,14,Louisville ,23,85.56,0,3,18,205.15
2017 7 7 Pittsburgh 25 Commits 84.94 5-Star 0 4-Star 4 3-Star 19 202.12,2017,14,Pittsburgh ,25,84.94,0,4,19,202.12
2017 8 8 Duke 22 Commits 84.90 5-Star 0 4-Star 1 3-Star 21 184.46,2017,14,Duke ,22,84.90,0,1,21,184.46
2017 9 11 Georgia Tech 24 Commits 83.89 5-Star 0 4-Star 1 3-Star 21 184.40,2017,15,Georgia Tech ,24,83.89,0,1,21,184.40
2017 10 9 NC State 21 Commits 84.68 5-Star 0 4-Star 0 3-Star 21 180.46,2017,15,NC State ,21,84.68,0,0,21,180.46
2017 11 10 Syracuse 26 Commits 83.57 5-Star 0 4-Star 1 3-Star 24 180.08,2017,14,Syracuse ,26,83.57,0,1,24,180.08
2017 12 12 Virginia 25 Commits 83.13 5-Star 0 4-Star 0 3-Star 23 172.50,2017,14,Virginia ,25,83.13,0,0,23,172.50
2017 13 14 Boston College 21 Commits 82.63 5-Star 0 4-Star 0 3-Star 17 162.61,2017,15,Boston College ,21,82.63,0,0,17,162.61
2017 14 13 Wake Forest 21 Commits 82.69 5-Star 0 4-Star 0 3-Star 17 161.99,2017,15,Wake Forest ,21,82.69,0,0,17,161.99
2018 1 1 Texas 27 Commits 92.16 5-Star 2 4-Star 17 3-Star 8 300.06,2018,14,Texas ,27,92.16,2,17,8,300.06
2018 2 2 Oklahoma 24 Commits 90.95 5-Star 1 4-Star 12 3-Star 10 276.62,2018,14,Oklahoma ,24,90.95,1,12,10,276.62
2018 3 3 TCU 25 Commits 87.13 5-Star 0 4-Star 5 3-Star 20 224.13,2018,14,TCU ,25,87.13,0,5,20,224.13
2018 4 5 Baylor 23 Commits 86.77 5-Star 0 4-Star 6 3-Star 17 215.02,2018,14,Baylor ,23,86.77,0,6,17,215.02
2018 5 4 Oklahoma State 24 Commits 86.52 5-Star 0 4-Star 2 3-Star 22 209.93,2018,15,Oklahoma State ,24,86.52,0,2,22,209.93
2018 6 6 West Virginia 23 Commits 86.40 5-Star 0 4-Star 2 3-Star 21 208.32,2018,15,West Virginia ,23,86.40,0,2,21,208.32
2018 7 7 Iowa State 21 Commits 84.81 5-Star 0 4-Star 1 3-Star 20 185.19,2018,15,Iowa State ,21,84.81,0,1,20,185.19
2018 8 10 Kansas 29 Commits 83.54 5-Star 0 4-Star 2 3-Star 20 178.59,2018,14,Kansas ,29,83.54,0,2,20,178.59
2018 9 8 Kansas State 29 Commits 83.75 5-Star 0 4-Star 0 3-Star 22 175.65,2018,15,Kansas State ,29,83.75,0,0,22,175.65
2018 10 9 Texas Tech 22 Commits 83.76 5-Star 0 4-Star 1 3-Star 17 169.87,2018,15,Texas Tech ,22,83.76,0,1,17,169.87
2019 1 2 Michigan 26 Commits 90.78 5-Star 2 4-Star 14 3-Star 10 277.15,2019,14,Michigan ,26,90.78,2,14,10,277.15
2019 2 1 Penn State 23 Commits 91.01 5-Star 1 4-Star 17 3-Star 5 270.67,2019,15,Penn State ,23,91.01,1,17,5,270.67
2019 3 3 Ohio State 17 Commits 91.87 5-Star 3 4-Star 9 3-Star 5 261.18,2019,15,Ohio State ,17,91.87,3,9,5,261.18
2019 4 4 Nebraska 28 Commits 88.50 5-Star 0 4-Star 7 3-Star 21 245.10,2019,14,Nebraska ,28,88.50,0,7,21,245.10
2019 5 5 Purdue 27 Commits 86.63 5-Star 0 4-Star 4 3-Star 22 224.72,2019,14,Purdue ,27,86.63,0,4,22,224.72
2019 6 7 Wisconsin 19 Commits 87.86 5-Star 1 4-Star 2 3-Star 16 219.51,2019,14,Wisconsin ,19,87.86,1,2,16,219.51
2019 7 6 Michigan State 19 Commits 87.49 5-Star 0 4-Star 2 3-Star 17 215.21,2019,15,Michigan State ,19,87.49,0,2,17,215.21
2019 8 9 Indiana 23 Commits 85.77 5-Star 0 4-Star 3 3-Star 18 202.63,2019,14,Indiana ,23,85.77,0,3,18,202.63
2019 9 8 Iowa 22 Commits 85.94 5-Star 0 4-Star 3 3-Star 19 199.36,2019,14,Iowa ,22,85.94,0,3,19,199.36
2019 10 10 Minnesota 21 Commits 85.79 5-Star 0 4-Star 0 3-Star 20 194.48,2019,14,Minnesota ,21,85.79,0,0,20,194.48
2019 11 12 Maryland 18 Commits 85.73 5-Star 0 4-Star 3 3-Star 15 192.18,2019,14,Maryland ,18,85.73,0,3,15,192.18
2019 12 11 Northwestern 19 Commits 85.99 5-Star 0 4-Star 0 3-Star 19 188.14,2019,14,Northwestern ,19,85.99,0,0,19,188.14
2019 13 13 Illinois 17 Commits 86.22 5-Star 0 4-Star 3 3-Star 12 184.37,2019,14,Illinois ,17,86.22,0,3,12,184.37
2019 14 14 Rutgers 21 Commits 84.38 5-Star 0 4-Star 0 3-Star 20 174.33,2019,14,Rutgers ,21,84.38,0,0,20,174.33
2020 1 2 Oregon 22 Commits 90.19 5-Star 3 4-Star 7 3-Star 12 259.43,2020,14,Oregon ,22,90.19,3,7,12,259.43
2020 2 1 Washington 25 Commits 88.23 5-Star 1 4-Star 10 3-Star 11 254.96,2020,14,Washington ,25,88.23,1,10,11,254.96
2020 3 3 Stanford 25 Commits 87.16 5-Star 0 4-Star 6 3-Star 16 238.44,2020,14,Stanford ,25,87.16,0,6,16,238.44
2020 4 4 Arizona State 21 Commits 88.02 5-Star 0 4-Star 8 3-Star 13 231.10,2020,15,Arizona State ,21,88.02,0,8,13,231.10
2020 5 5 Utah 21 Commits 86.52 5-Star 0 4-Star 4 3-Star 17 212.23,2020,14,Utah ,21,86.52,0,4,17,212.23
2020 6 6 UCLA 20 Commits 86.94 5-Star 0 4-Star 4 3-Star 16 208.34,2020,14,UCLA ,20,86.94,0,4,16,208.34
2020 7 8 Colorado 23 Commits 85.63 5-Star 0 4-Star 4 3-Star 19 202.38,2020,14,Colorado ,23,85.63,0,4,19,202.38
2020 8 7 California 26 Commits 85.66 5-Star 0 4-Star 1 3-Star 25 198.00,2020,14,California ,26,85.66,0,1,25,198.00
2020 9 10 Oregon State 20 Commits 84.95 5-Star 0 4-Star 0 3-Star 20 182.12,2020,15,Oregon State ,20,84.95,0,0,20,182.12
2020 10 9 Washington State 28 Commits 84.22 5-Star 0 4-Star 0 3-Star 25 180.62,2020,15,Washington State ,28,84.22,0,0,25,180.62
2020 11 11 Arizona 24 Commits 83.72 5-Star 0 4-Star 0 3-Star 22 174.76,2020,14,Arizona ,24,83.72,0,0,22,174.76
2020 12 12 USC 12 Commits 87.37 5-Star 0 4-Star 2 3-Star 10 171.51,2020,14,USC ,12,87.37,0,2,10,171.51
2021 1 1 Alabama 27 Commits 94.99 5-Star 7 4-Star 16 3-Star 4 327.76,2021,14,Alabama ,27,94.99,7,16,4,327.76
2021 2 3 LSU 23 Commits 92.75 5-Star 2 4-Star 16 3-Star 5 295.47,2021,14,LSU ,23,92.75,2,16,5,295.47
2021 3 2 Georgia 20 Commits 93.49 5-Star 4 4-Star 11 3-Star 5 294.42,2021,14,Georgia ,20,93.49,4,11,5,294.42
2021 4 4 Texas A&M 23 Commits 91.70 5-Star 1 4-Star 15 3-Star 7 279.02,2021,15,Texas A&M ,23,91.70,1,15,7,279.02
2021 5 5 Florida 23 Commits 90.30 5-Star 1 4-Star 12 3-Star 10 262.77,2021,14,Florida ,23,90.30,1,12,10,262.77
2021 6 6 Ole Miss 25 Commits 87.96 5-Star 0 4-Star 7 3-Star 18 234.52,2021,15,Ole Miss ,25,87.96,0,7,18,234.52
2021 7 7 Auburn 19 Commits 88.25 5-Star 0 4-Star 6 3-Star 13 224.20,2021,14,Auburn ,19,88.25,0,6,13,224.20
2021 8 9 Tennessee 17 Commits 88.57 5-Star 0 4-Star 6 3-Star 11 215.79,2021,14,Tennessee ,17,88.57,0,6,11,215.79
2021 9 8 Arkansas 22 Commits 87.19 5-Star 0 4-Star 3 3-Star 19 213.15,2021,14,Arkansas ,22,87.19,0,3,19,213.15
2021 10 11 Mississippi State 23 Commits 86.18 5-Star 0 4-Star 5 3-Star 17 210.97,2021,15,Mississippi State ,23,86.18,0,5,17,210.97
2021 11 10 Missouri 24 Commits 86.79 5-Star 0 4-Star 2 3-Star 22 210.68,2021,14,Missouri ,24,86.79,0,2,22,210.68
2021 12 12 Kentucky 18 Commits 87.13 5-Star 0 4-Star 4 3-Star 14 204.99,2021,14,Kentucky ,18,87.13,0,4,14,204.99
2021 13 13 Vanderbilt 23 Commits 84.78 5-Star 0 4-Star 1 3-Star 22 184.42,2021,14,Vanderbilt ,23,84.78,0,1,22,184.42
2021 14 14 South Carolina 13 Commits 85.41 5-Star 0 4-Star 0 3-Star 13 157.05,2021,15,South Carolina ,13,85.41,0,0,13,157.05
2017 1 2 UCF 23 Commits 83.36 5-Star 0 4-Star 1 3-Star 20 178.34,2017,14,UCF ,23,83.36,0,1,20,178.34
2017 2 1 Memphis 29 Commits 81.87 5-Star 0 4-Star 1 3-Star 20 177.60,2017,14,Memphis ,29,81.87,0,1,20,177.60
2017 3 3 Cincinnati 23 Commits 82.70 5-Star 0 4-Star 0 3-Star 20 167.80,2017,14,Cincinnati ,23,82.70,0,0,20,167.80
2017 4 5 Houston 20 Commits 82.38 5-Star 0 4-Star 0 3-Star 15 160.34,2017,14,Houston ,20,82.38,0,0,15,160.34
2017 5 4 USF 20 Commits 81.65 5-Star 0 4-Star 0 3-Star 14 150.65,2017,14,USF ,20,81.65,0,0,14,150.65
2017 6 6 East Carolina 22 Commits 80.83 5-Star 0 4-Star 0 3-Star 11 144.55,2017,15,East Carolina ,22,80.83,0,0,11,144.55
2017 7 8 SMU 18 Commits 81.13 5-Star 0 4-Star 0 3-Star 10 140.40,2017,14,SMU ,18,81.13,0,0,10,140.40
2017 8 9 Tulsa 23 Commits 79.87 5-Star 0 4-Star 0 3-Star 10 135.07,2017,14,Tulsa ,23,79.87,0,0,10,135.07
2017 9 7 Navy 60 Commits 78.00 5-Star 0 4-Star 0 3-Star 15 131.73,2017,14,Navy ,60,78.00,0,0,15,131.73
2017 10 11 Connecticut 22 Commits 79.39 5-Star 0 4-Star 0 3-Star 9 121.64,2017,14,Connecticut ,22,79.39,0,0,9,121.64
2017 11 10 Tulane 26 Commits 78.55 5-Star 0 4-Star 0 3-Star 4 114.66,2017,14,Tulane ,26,78.55,0,0,4,114.66
2017 12 12 Temple 18 Commits 78.76 5-Star 0 4-Star 0 3-Star 5 108.13,2017,14,Temple ,18,78.76,0,0,5,108.13
2018 1 1 FIU 24 Commits 82.50 5-Star 0 4-Star 2 3-Star 16 173.58,2018,14,FIU ,24,82.50,0,2,16,173.58
2018 2 3 Marshall 33 Commits 81.23 5-Star 0 4-Star 0 3-Star 19 165.85,2018,14,Marshall ,33,81.23,0,0,19,165.85
2018 3 5 Florida Atlantic 21 Commits 83.04 5-Star 0 4-Star 0 3-Star 15 163.90,2018,15,Florida Atlantic ,21,83.04,0,0,15,163.90
2018 4 2 Louisiana Tech 24 Commits 82.20 5-Star 0 4-Star 0 3-Star 16 162.18,2018,15,Louisiana Tech ,24,82.20,0,0,16,162.18
2018 5 6 Southern Miss 28 Commits 81.34 5-Star 0 4-Star 0 3-Star 20 157.89,2018,15,Southern Miss ,28,81.34,0,0,20,157.89
2018 6 4 Western Kentucky 26 Commits 81.49 5-Star 0 4-Star 0 3-Star 21 154.77,2018,15,Western Kentucky ,26,81.49,0,0,21,154.77
2018 7 7 UTSA 23 Commits 81.46 5-Star 0 4-Star 0 3-Star 16 152.99,2018,14,UTSA ,23,81.46,0,0,16,152.99
2018 8 11 North Texas 24 Commits 79.87 5-Star 0 4-Star 0 3-Star 12 126.60,2018,15,North Texas ,24,79.87,0,0,12,126.60
2018 9 9 UAB 22 Commits 79.82 5-Star 0 4-Star 0 3-Star 10 125.49,2018,14,UAB ,22,79.82,0,0,10,125.49
2018 10 8 Middle Tennessee State 21 Commits 79.75 5-Star 0 4-Star 0 3-Star 7 125.31,2018,16,Middle Tennessee State,21,79.75,0,0,7,125.31
2018 11 10 Charlotte 27 Commits 78.77 5-Star 0 4-Star 0 3-Star 5 120.43,2018,14,Charlotte ,27,78.77,0,0,5,120.43
2018 12 12 Rice 23 Commits 78.68 5-Star 0 4-Star 0 3-Star 9 120.42,2018,14,Rice ,23,78.68,0,0,9,120.42
2018 13 13 Old Dominion 21 Commits 78.20 5-Star 0 4-Star 0 3-Star 4 108.27,2018,15,Old Dominion ,21,78.20,0,0,4,108.27
2018 14 14 UTEP 26 Commits 77.15 5-Star 0 4-Star 0 3-Star 3 105.24,2018,14,UTEP ,26,77.15,0,0,3,105.24
2019 1 1 Notre Dame 22 Commits 90.60 5-Star 0 4-Star 16 3-Star 6 258.56,2019,15,Notre Dame ,22,90.60,0,16,6,258.56
2019 2 2 BYU 19 Commits 82.32 5-Star 0 4-Star 1 3-Star 16 155.23,2019,14,BYU ,19,82.32,0,1,16,155.23
2019 3 3 Army 25 Commits 80.41 5-Star 0 4-Star 0 3-Star 12 135.17,2019,14,Army ,25,80.41,0,0,12,135.17
2019 4 4 Massachusetts 21 Commits 80.30 5-Star 0 4-Star 0 3-Star 14 130.79,2019,14,Massachusetts ,21,80.30,0,0,14,130.79
2019 5 5 New Mexico State 23 Commits 79.27 5-Star 0 4-Star 0 3-Star 9 125.55,2019,16,New Mexico State,23,79.27,0,0,9,125.55
2019 6 6 Liberty 17 Commits 80.92 5-Star 0 4-Star 0 3-Star 10 108.39,2019,14,Liberty ,17,80.92,0,0,10,108.39
2020 1 1 Toledo 21 Commits 83.16 5-Star 0 4-Star 0 3-Star 19 164.20,2020,14,Toledo ,21,83.16,0,0,19,164.20
2020 2 5 Bowling Green 32 Commits 80.85 5-Star 0 4-Star 0 3-Star 20 154.40,2020,15,Bowling Green ,32,80.85,0,0,20,154.40
2020 3 2 Western Michigan 20 Commits 82.39 5-Star 0 4-Star 0 3-Star 18 153.11,2020,15,Western Michigan ,20,82.39,0,0,18,153.11
2020 4 4 Northern Illinois 32 Commits 80.82 5-Star 0 4-Star 0 3-Star 24 151.19,2020,15,Northern Illinois ,32,80.82,0,0,24,151.19
2020 5 3 Miami (OH) 26 Commits 81.39 5-Star 0 4-Star 0 3-Star 19 150.61,2020,15,Miami (OH) ,26,81.39,0,0,19,150.61
2020 6 6 Eastern Michigan 27 Commits 80.50 5-Star 0 4-Star 0 3-Star 20 144.59,2020,15,Eastern Michigan ,27,80.50,0,0,20,144.59
2020 7 7 Kent State 24 Commits 80.95 5-Star 0 4-Star 0 3-Star 20 141.52,2020,15,Kent State ,24,80.95,0,0,20,141.52
2020 8 8 Central Michigan 25 Commits 80.33 5-Star 0 4-Star 0 3-Star 16 139.26,2020,15,Central Michigan ,25,80.33,0,0,16,139.26
2020 9 9 Ball State 21 Commits 80.11 5-Star 0 4-Star 0 3-Star 13 131.50,2020,15,Ball State ,21,80.11,0,0,13,131.50
2020 10 10 Akron 28 Commits 80.20 5-Star 0 4-Star 0 3-Star 17 131.20,2020,14,Akron ,28,80.20,0,0,17,131.20
2020 11 11 Ohio 15 Commits 80.32 5-Star 0 4-Star 0 3-Star 12 116.96,2020,14,Ohio ,15,80.32,0,0,12,116.96
2020 12 12 Buffalo 17 Commits 79.89 5-Star 0 4-Star 0 3-Star 9 114.94,2020,14,Buffalo ,17,79.89,0,0,9,114.94
2021 1 3 San Diego State 26 Commits 83.10 5-Star 0 4-Star 1 3-Star 23 170.80,2021,16,San Diego State,26,83.10,0,1,23,170.80
2021 2 1 Boise State 21 Commits 84.42 5-Star 0 4-Star 0 3-Star 17 165.46,2021,15,Boise State ,21,84.42,0,0,17,165.46
2021 3 4 UNLV 21 Commits 83.14 5-Star 0 4-Star 0 3-Star 20 163.92,2021,14,UNLV ,21,83.14,0,0,20,163.92
2021 4 2 Fresno State 23 Commits 83.60 5-Star 0 4-Star 0 3-Star 19 162.17,2021,15,Fresno State ,23,83.60,0,0,19,162.17
2021 5 5 Nevada 21 Commits 81.96 5-Star 0 4-Star 0 3-Star 20 148.64,2021,14,Nevada ,21,81.96,0,0,20,148.64
2021 6 7 Colorado State 21 Commits 81.79 5-Star 0 4-Star 0 3-Star 19 144.67,2021,15,Colorado State ,21,81.79,0,0,19,144.67
2021 7 8 New Mexico 24 Commits 81.27 5-Star 0 4-Star 0 3-Star 21 140.75,2021,15,New Mexico ,24,81.27,0,0,21,140.75
2021 8 6 Air Force 67 Commits 79.28 5-Star 0 4-Star 0 3-Star 14 139.91,2021,15,Air Force ,67,79.28,0,0,14,139.91
2021 9 9 Wyoming 18 Commits 81.18 5-Star 0 4-Star 0 3-Star 17 130.41,2021,14,Wyoming ,18,81.18,0,0,17,130.41
2021 10 11 San Jose State 12 Commits 81.52 5-Star 0 4-Star 0 3-Star 10 112.81,2021,16,San Jose State,12,81.52,0,0,10,112.81
2021 11 10 Hawaii 12 Commits 82.33 5-Star 0 4-Star 0 3-Star 9 107.27,2021,14,Hawaii ,12,82.33,0,0,9,107.27
2021 12 12 Utah State 7 Commits 82.19 5-Star 0 4-Star 0 3-Star 6 69.69,2021,15,Utah State ,7,82.19,0,0,6,69.69
2017 1 1 Texas State 26 Commits 79.17 5-Star 0 4-Star 0 3-Star 10 127.89,2017,15,Texas State ,26,79.17,0,0,10,127.89
2017 2 4 Troy 23 Commits 79.29 5-Star 0 4-Star 0 3-Star 6 123.90,2017,14,Troy ,23,79.29,0,0,6,123.90
2017 3 3 Louisiana-Monroe 24 Commits 78.63 5-Star 0 4-Star 0 3-Star 9 121.55,2017,14,Louisiana-Monroe ,24,78.63,0,0,9,121.55
2017 4 5 Georgia State 20 Commits 79.34 5-Star 0 4-Star 0 3-Star 8 119.23,2017,15,Georgia State ,20,79.34,0,0,8,119.23
2017 5 2 Georgia Southern 23 Commits 78.89 5-Star 0 4-Star 0 3-Star 7 118.78,2017,15,Georgia Southern ,23,78.89,0,0,7,118.78
2017 6 7 Appalachian State 19 Commits 79.14 5-Star 0 4-Star 0 3-Star 8 116.78,2017,15,Appalachian State ,19,79.14,0,0,8,116.78
2017 7 6 Arkansas State 21 Commits 78.76 5-Star 0 4-Star 0 3-Star 5 114.91,2017,15,Arkansas State ,21,78.76,0,0,5,114.91
2017 8 8 South Alabama 16 Commits 78.82 5-Star 0 4-Star 0 3-Star 5 110.24,2017,15,South Alabama ,16,78.82,0,0,5,110.24
2017 9 9 Louisiana 17 Commits 78.52 5-Star 0 4-Star 0 3-Star 4 104.33,2017,14,Louisiana ,17,78.52,0,0,4,104.33
2017 10 10 Coastal Carolina 24 Commits 76.46 5-Star 0 4-Star 0 3-Star 4 96.51,2017,15,Coastal Carolina ,24,76.46,0,0,4,96.51
2017 11 11 New Mexico State 23 Commits 76.64 5-Star 0 4-Star 0 3-Star 3 94.57,2017,16,New Mexico State,23,76.64,0,0,3,94.57
2017 12 12 Idaho 18 Commits 76.85 5-Star 0 4-Star 0 3-Star 2 83.36,2017,14,Idaho ,18,76.85,0,0,2,83.36
2018 1 1 Clemson 17 Commits 93.45 5-Star 5 4-Star 7 3-Star 5 283.67,2018,14,Clemson ,17,93.45,5,7,5,283.67
2018 2 2 Miami 23 Commits 90.99 5-Star 1 4-Star 14 3-Star 8 280.87,2018,14,Miami ,23,90.99,1,14,8,280.87
2018 3 3 Florida State 21 Commits 90.91 5-Star 0 4-Star 13 3-Star 8 265.42,2018,15,Florida State ,21,90.91,0,13,8,265.42
2018 4 5 North Carolina 24 Commits 87.80 5-Star 0 4-Star 7 3-Star 15 232.27,2018,15,North Carolina ,24,87.80,0,7,15,232.27
2018 5 4 Virginia Tech 26 Commits 87.46 5-Star 0 4-Star 7 3-Star 19 226.01,2018,15,Virginia Tech ,26,87.46,0,7,19,226.01
2018 6 6 NC State 25 Commits 86.58 5-Star 0 4-Star 6 3-Star 17 220.57,2018,15,NC State ,25,86.58,0,6,17,220.57
2018 7 7 Louisville 25 Commits 86.53 5-Star 0 4-Star 4 3-Star 19 213.58,2018,14,Louisville ,25,86.53,0,4,19,213.58
2018 8 9 Georgia Tech 24 Commits 85.23 5-Star 0 4-Star 3 3-Star 19 196.94,2018,15,Georgia Tech ,24,85.23,0,3,19,196.94
2018 9 10 Pittsburgh 22 Commits 85.84 5-Star 0 4-Star 1 3-Star 20 193.19,2018,14,Pittsburgh ,22,85.84,0,1,20,193.19
2018 10 8 Syracuse 21 Commits 85.27 5-Star 0 4-Star 1 3-Star 19 189.86,2018,14,Syracuse ,21,85.27,0,1,19,189.86
2018 11 12 Virginia 23 Commits 84.45 5-Star 0 4-Star 0 3-Star 22 178.60,2018,14,Virginia ,23,84.45,0,0,22,178.60
2018 12 14 Duke 16 Commits 85.74 5-Star 0 4-Star 1 3-Star 15 176.85,2018,14,Duke ,16,85.74,0,1,15,176.85
2018 13 11 Wake Forest 22 Commits 84.28 5-Star 0 4-Star 0 3-Star 22 176.31,2018,15,Wake Forest ,22,84.28,0,0,22,176.31
2018 14 13 Boston College 22 Commits 83.65 5-Star 0 4-Star 1 3-Star 19 172.47,2018,15,Boston College ,22,83.65,0,1,19,172.47
2019 1 1 Texas 26 Commits 91.19 5-Star 2 4-Star 15 3-Star 9 287.69,2019,14,Texas ,26,91.19,2,15,9,287.69
2019 2 2 Oklahoma 24 Commits 91.20 5-Star 3 4-Star 13 3-Star 8 279.28,2019,14,Oklahoma ,24,91.20,3,13,8,279.28
2019 3 3 TCU 27 Commits 86.53 5-Star 0 4-Star 4 3-Star 23 217.48,2019,14,TCU ,27,86.53,0,4,23,217.48
2019 4 6 Baylor 24 Commits 85.95 5-Star 0 4-Star 2 3-Star 21 202.87,2019,14,Baylor ,24,85.95,0,2,21,202.87
2019 5 5 Oklahoma State 21 Commits 86.01 5-Star 0 4-Star 3 3-Star 18 202.09,2019,15,Oklahoma State ,21,86.01,0,3,18,202.09
2019 6 4 Iowa State 23 Commits 85.33 5-Star 0 4-Star 2 3-Star 21 192.25,2019,15,Iowa State ,23,85.33,0,2,21,192.25
2019 7 7 West Virginia 22 Commits 85.74 5-Star 0 4-Star 2 3-Star 19 191.83,2019,15,West Virginia ,22,85.74,0,2,19,191.83
2019 8 9 Texas Tech 20 Commits 84.26 5-Star 0 4-Star 0 3-Star 19 177.69,2019,15,Texas Tech ,20,84.26,0,0,19,177.69
2019 9 8 Kansas State 23 Commits 83.97 5-Star 0 4-Star 0 3-Star 21 177.40,2019,15,Kansas State ,23,83.97,0,0,21,177.40
2019 10 10 Kansas 19 Commits 83.76 5-Star 0 4-Star 1 3-Star 15 165.84,2019,14,Kansas ,19,83.76,0,1,15,165.84
2020 1 1 Ohio State 25 Commits 91.79 5-Star 3 4-Star 14 3-Star 8 294.92,2020,15,Ohio State ,25,91.79,3,14,8,294.92
2020 2 3 Michigan 23 Commits 90.34 5-Star 0 4-Star 14 3-Star 9 256.12,2020,14,Michigan ,23,90.34,0,14,9,256.12
2020 3 2 Penn State 27 Commits 89.54 5-Star 0 4-Star 11 3-Star 16 255.84,2020,15,Penn State ,27,89.54,0,11,16,255.84
2020 4 4 Nebraska 26 Commits 88.46 5-Star 0 4-Star 10 3-Star 15 242.99,2020,14,Nebraska ,26,88.46,0,10,15,242.99
2020 5 5 Wisconsin 20 Commits 87.83 5-Star 0 4-Star 5 3-Star 15 225.72,2020,14,Wisconsin ,20,87.83,0,5,15,225.72
2020 6 8 Maryland 27 Commits 85.62 5-Star 1 4-Star 2 3-Star 24 209.65,2020,14,Maryland ,27,85.62,1,2,24,209.65
2020 7 9 Purdue 23 Commits 86.47 5-Star 0 4-Star 5 3-Star 17 209.21,2020,14,Purdue ,23,86.47,0,5,17,209.21
2020 8 6 Iowa 21 Commits 86.44 5-Star 0 4-Star 1 3-Star 20 203.75,2020,14,Iowa ,21,86.44,0,1,20,203.75
2020 9 7 Minnesota 24 Commits 85.80 5-Star 0 4-Star 2 3-Star 22 199.34,2020,14,Minnesota ,24,85.80,0,2,22,199.34
2020 10 10 Michigan State 22 Commits 85.68 5-Star 0 4-Star 0 3-Star 22 193.30,2020,15,Michigan State ,22,85.68,0,0,22,193.30
2020 11 11 Northwestern 17 Commits 86.50 5-Star 0 4-Star 1 3-Star 16 190.68,2020,14,Northwestern ,17,86.50,0,1,16,190.68
2020 12 13 Indiana 20 Commits 85.00 5-Star 0 4-Star 1 3-Star 18 177.37,2020,14,Indiana ,20,85.00,0,1,18,177.37
2020 13 12 Rutgers 22 Commits 84.25 5-Star 0 4-Star 0 3-Star 21 172.87,2020,14,Rutgers ,22,84.25,0,0,21,172.87
2020 14 14 Illinois 14 Commits 84.90 5-Star 0 4-Star 0 3-Star 13 152.88,2020,14,Illinois ,14,84.90,0,0,13,152.88
2021 1 1 Oregon 23 Commits 92.36 5-Star 0 4-Star 19 3-Star 4 287.29,2021,14,Oregon ,23,92.36,0,19,4,287.29
2021 2 2 USC 22 Commits 91.77 5-Star 1 4-Star 14 3-Star 7 280.61,2021,14,USC ,22,91.77,1,14,7,280.61
2021 3 3 California 20 Commits 87.11 5-Star 0 4-Star 4 3-Star 15 209.23,2021,14,California ,20,87.11,0,4,15,209.23
2021 4 4 UCLA 18 Commits 87.54 5-Star 0 4-Star 3 3-Star 15 206.50,2021,14,UCLA ,18,87.54,0,3,15,206.50
2021 5 6 Utah 18 Commits 87.27 5-Star 0 4-Star 4 3-Star 14 205.89,2021,14,Utah ,18,87.27,0,4,14,205.89
2021 6 5 Washington 16 Commits 87.93 5-Star 1 4-Star 3 3-Star 11 201.75,2021,14,Washington ,16,87.93,1,3,11,201.75
2021 7 7 Stanford 17 Commits 86.55 5-Star 0 4-Star 2 3-Star 15 194.69,2021,14,Stanford ,17,86.55,0,2,15,194.69
2021 8 8 Arizona State 13 Commits 87.48 5-Star 0 4-Star 4 3-Star 9 181.25,2021,15,Arizona State ,13,87.48,0,4,9,181.25
2021 9 9 Washington State 20 Commits 84.27 5-Star 0 4-Star 0 3-Star 20 172.86,2021,15,Washington State ,20,84.27,0,0,20,172.86
2021 10 10 Colorado 19 Commits 83.92 5-Star 0 4-Star 0 3-Star 18 168.74,2021,14,Colorado ,19,83.92,0,0,18,168.74
2021 11 11 Arizona 18 Commits 83.53 5-Star 0 4-Star 0 3-Star 18 158.51,2021,14,Arizona ,18,83.53,0,0,18,158.51
2021 12 12 Oregon State 13 Commits 85.18 5-Star 0 4-Star 0 3-Star 10 131.45,2021,15,Oregon State ,13,85.18,0,0,10,131.45
2017 1 1 Alabama 29 Commits 93.76 5-Star 6 4-Star 18 3-Star 4 323.87,2017,14,Alabama ,29,93.76,6,18,4,323.87
2017 2 2 Georgia 26 Commits 92.27 5-Star 3 4-Star 17 3-Star 5 301.60,2017,14,Georgia ,26,92.27,3,17,5,301.60
2017 3 3 LSU 24 Commits 91.05 5-Star 1 4-Star 14 3-Star 9 287.66,2017,14,LSU ,24,91.05,1,14,9,287.66
2017 4 4 Auburn 22 Commits 89.34 5-Star 1 4-Star 10 3-Star 11 255.92,2017,14,Auburn ,22,89.34,1,10,11,255.92
2017 5 7 Florida 23 Commits 89.11 5-Star 0 4-Star 11 3-Star 11 251.23,2017,14,Florida ,23,89.11,0,11,11,251.23
2017 6 6 Texas A&M 28 Commits 87.93 5-Star 0 4-Star 8 3-Star 20 248.58,2017,15,Texas A&M ,28,87.93,0,8,20,248.58
2017 7 5 Tennessee 28 Commits 87.24 5-Star 1 4-Star 4 3-Star 23 237.21,2017,14,Tennessee ,28,87.24,1,4,23,237.21
2017 8 8 South Carolina 26 Commits 87.14 5-Star 0 4-Star 6 3-Star 20 227.58,2017,15,South Carolina ,26,87.14,0,6,20,227.58
2017 9 9 Mississippi State 25 Commits 86.11 5-Star 0 4-Star 4 3-Star 19 220.22,2017,15,Mississippi State ,25,86.11,0,4,19,220.22
2017 10 10 Arkansas 25 Commits 86.02 5-Star 0 4-Star 4 3-Star 20 212.74,2017,14,Arkansas ,25,86.02,0,4,20,212.74
2017 11 11 Kentucky 24 Commits 86.04 5-Star 0 4-Star 5 3-Star 19 207.73,2017,14,Kentucky ,24,86.04,0,5,19,207.73
2017 12 12 Ole Miss 23 Commits 86.06 5-Star 0 4-Star 3 3-Star 19 207.63,2017,15,Ole Miss ,23,86.06,0,3,19,207.63
2017 13 13 Missouri 25 Commits 84.59 5-Star 0 4-Star 1 3-Star 24 187.71,2017,14,Missouri ,25,84.59,0,1,24,187.71
2017 14 14 Vanderbilt 20 Commits 83.40 5-Star 0 4-Star 0 3-Star 18 167.42,2017,14,Vanderbilt ,20,83.40,0,0,18,167.42
2018 1 1 Cincinnati 25 Commits 84.43 5-Star 0 4-Star 1 3-Star 22 192.64,2018,14,Cincinnati ,25,84.43,0,1,22,192.64
2018 2 4 UCF 26 Commits 83.64 5-Star 0 4-Star 0 3-Star 21 177.05,2018,14,UCF ,26,83.64,0,0,21,177.05
2018 3 2 USF 28 Commits 83.59 5-Star 0 4-Star 0 3-Star 25 176.25,2018,14,USF ,28,83.59,0,0,25,176.25
2018 4 3 Tulane 26 Commits 82.66 5-Star 0 4-Star 0 3-Star 21 173.75,2018,14,Tulane ,26,82.66,0,0,21,173.75
2018 5 5 Houston 24 Commits 82.56 5-Star 0 4-Star 0 3-Star 20 167.14,2018,14,Houston ,24,82.56,0,0,20,167.14
2018 6 9 Memphis 28 Commits 81.56 5-Star 0 4-Star 1 3-Star 17 157.28,2018,14,Memphis ,28,81.56,0,1,17,157.28
2018 7 6 Temple 30 Commits 81.34 5-Star 0 4-Star 0 3-Star 24 154.08,2018,14,Temple ,30,81.34,0,0,24,154.08
2018 8 8 SMU 20 Commits 82.08 5-Star 0 4-Star 0 3-Star 16 151.67,2018,14,SMU ,20,82.08,0,0,16,151.67
2018 9 7 East Carolina 25 Commits 81.09 5-Star 0 4-Star 0 3-Star 15 147.43,2018,15,East Carolina ,25,81.09,0,0,15,147.43
2018 10 10 Tulsa 23 Commits 80.36 5-Star 0 4-Star 0 3-Star 14 137.25,2018,14,Tulsa ,23,80.36,0,0,14,137.25
2018 11 11 Navy 38 Commits 78.21 5-Star 0 4-Star 0 3-Star 9 124.71,2018,14,Navy ,38,78.21,0,0,9,124.71
2019 1 1 Florida Atlantic 33 Commits 82.93 5-Star 0 4-Star 0 3-Star 28 178.99,2019,15,Florida Atlantic ,33,82.93,0,0,28,178.99
2019 2 4 Marshall 33 Commits 81.59 5-Star 0 4-Star 0 3-Star 26 165.43,2019,14,Marshall ,33,81.59,0,0,26,165.43
2019 3 2 UAB 26 Commits 81.34 5-Star 0 4-Star 0 3-Star 18 160.48,2019,14,UAB ,26,81.34,0,0,18,160.48
2019 4 3 North Texas 24 Commits 82.82 5-Star 0 4-Star 0 3-Star 23 158.78,2019,15,North Texas ,24,82.82,0,0,23,158.78
2019 5 9 Southern Miss 29 Commits 81.30 5-Star 0 4-Star 0 3-Star 21 156.39,2019,15,Southern Miss ,29,81.30,0,0,21,156.39
2019 6 5 FIU 19 Commits 82.62 5-Star 0 4-Star 0 3-Star 18 156.03,2019,14,FIU ,19,82.62,0,0,18,156.03
2019 7 7 Louisiana Tech 19 Commits 82.47 5-Star 0 4-Star 0 3-Star 15 155.46,2019,15,Louisiana Tech ,19,82.47,0,0,15,155.46
2019 8 6 Middle Tennessee State 25 Commits 81.62 5-Star 0 4-Star 0 3-Star 19 154.43,2019,16,Middle Tennessee State,25,81.62,0,0,19,154.43
2019 9 8 Western Kentucky 26 Commits 81.18 5-Star 0 4-Star 0 3-Star 18 153.89,2019,15,Western Kentucky ,26,81.18,0,0,18,153.89
2019 10 11 UTSA 22 Commits 81.06 5-Star 0 4-Star 0 3-Star 16 142.31,2019,14,UTSA ,22,81.06,0,0,16,142.31
2019 11 10 Rice 29 Commits 79.18 5-Star 0 4-Star 0 3-Star 11 132.03,2019,14,Rice ,29,79.18,0,0,11,132.03
2019 12 13 UTEP 34 Commits 78.46 5-Star 0 4-Star 0 3-Star 8 131.98,2019,14,UTEP ,34,78.46,0,0,8,131.98
2019 13 12 Old Dominion 33 Commits 79.20 5-Star 0 4-Star 0 3-Star 10 128.31,2019,15,Old Dominion ,33,79.20,0,0,10,128.31
2019 14 14 Charlotte 16 Commits 79.45 5-Star 0 4-Star 0 3-Star 5 112.69,2019,14,Charlotte ,16,79.45,0,0,5,112.69
2020 1 1 Notre Dame 17 Commits 90.74 5-Star 1 4-Star 8 3-Star 8 251.28,2020,15,Notre Dame ,17,90.74,1,8,8,251.28
2020 2 2 BYU 31 Commits 82.18 5-Star 0 4-Star 0 3-Star 29 160.02,2020,14,BYU ,31,82.18,0,0,29,160.02
2020 3 3 Liberty 28 Commits 80.82 5-Star 0 4-Star 0 3-Star 18 152.26,2020,14,Liberty ,28,80.82,0,0,18,152.26
2020 4 5 Massachusetts 26 Commits 81.32 5-Star 0 4-Star 0 3-Star 21 145.02,2020,14,Massachusetts ,26,81.32,0,0,21,145.02
2020 5 4 Army 58 Commits 79.33 5-Star 0 4-Star 0 3-Star 17 140.42,2020,14,Army ,58,79.33,0,0,17,140.42
2020 6 6 Connecticut 27 Commits 80.57 5-Star 0 4-Star 0 3-Star 22 134.87,2020,14,Connecticut ,27,80.57,0,0,22,134.87
2020 7 7 New Mexico State 25 Commits 79.66 5-Star 0 4-Star 0 3-Star 10 120.47,2020,16,New Mexico State,25,79.66,0,0,10,120.47
2021 1 1 Toledo 24 Commits 82.50 5-Star 0 4-Star 0 3-Star 20 163.18,2021,14,Toledo ,24,82.50,0,0,20,163.18
2021 2 3 Central Michigan 24 Commits 81.45 5-Star 0 4-Star 0 3-Star 20 146.11,2021,15,Central Michigan ,24,81.45,0,0,20,146.11
2021 3 4 Miami (OH) 22 Commits 81.51 5-Star 0 4-Star 0 3-Star 19 146.03,2021,15,Miami (OH) ,22,81.51,0,0,19,146.03
2021 4 2 Western Michigan 20 Commits 82.06 5-Star 0 4-Star 0 3-Star 18 145.32,2021,15,Western Michigan ,20,82.06,0,0,18,145.32
2021 5 7 Northern Illinois 26 Commits 81.11 5-Star 0 4-Star 0 3-Star 22 142.59,2021,15,Northern Illinois ,26,81.11,0,0,22,142.59
2021 6 10 Ball State 24 Commits 80.91 5-Star 0 4-Star 0 3-Star 16 141.50,2021,15,Ball State ,24,80.91,0,0,16,141.50
2021 7 9 Eastern Michigan 20 Commits 81.13 5-Star 0 4-Star 0 3-Star 15 139.76,2021,15,Eastern Michigan ,20,81.13,0,0,15,139.76
2021 8 5 Buffalo 21 Commits 82.16 5-Star 0 4-Star 0 3-Star 15 137.77,2021,14,Buffalo ,21,82.16,0,0,15,137.77
2021 9 6 Ohio 19 Commits 81.68 5-Star 0 4-Star 0 3-Star 14 137.59,2021,14,Ohio ,19,81.68,0,0,14,137.59
2021 10 8 Bowling Green 22 Commits 80.89 5-Star 0 4-Star 0 3-Star 16 133.73,2021,15,Bowling Green ,22,80.89,0,0,16,133.73
2021 11 11 Kent State 16 Commits 80.79 5-Star 0 4-Star 0 3-Star 13 119.35,2021,15,Kent State ,16,80.79,0,0,13,119.35
2021 12 12 Akron 18 Commits 79.79 5-Star 0 4-Star 0 3-Star 11 113.24,2021,14,Akron ,18,79.79,0,0,11,113.24
2017 1 1 Boise State 20 Commits 83.11 5-Star 0 4-Star 1 3-Star 18 167.43,2017,15,Boise State ,20,83.11,0,1,18,167.43
2017 2 2 Colorado State 27 Commits 81.15 5-Star 0 4-Star 0 3-Star 19 158.09,2017,15,Colorado State ,27,81.15,0,0,19,158.09
2017 3 3 San Diego State 24 Commits 81.25 5-Star 0 4-Star 0 3-Star 18 149.69,2017,16,San Diego State,24,81.25,0,0,18,149.69
2017 4 5 Fresno State 27 Commits 79.96 5-Star 0 4-Star 0 3-Star 14 137.74,2017,15,Fresno State ,27,79.96,0,0,14,137.74
2017 5 4 Hawaii 25 Commits 79.27 5-Star 0 4-Star 0 3-Star 10 133.96,2017,14,Hawaii ,25,79.27,0,0,10,133.96
2017 6 10 Nevada 23 Commits 78.80 5-Star 0 4-Star 0 3-Star 9 125.03,2017,14,Nevada ,23,78.80,0,0,9,125.03
2017 7 6 San Jose State 24 Commits 78.89 5-Star 0 4-Star 0 3-Star 8 122.11,2017,16,San Jose State,24,78.89,0,0,8,122.11
2017 8 8 Wyoming 23 Commits 78.83 5-Star 0 4-Star 0 3-Star 7 122.05,2017,14,Wyoming ,23,78.83,0,0,7,122.05
2017 9 7 Utah State 19 Commits 78.99 5-Star 0 4-Star 0 3-Star 8 120.00,2017,15,Utah State ,19,78.99,0,0,8,120.00
2017 10 11 Air Force 60 Commits 76.48 5-Star 0 4-Star 0 3-Star 7 115.88,2017,15,Air Force ,60,76.48,0,0,7,115.88
2017 11 9 UNLV 19 Commits 78.75 5-Star 0 4-Star 0 3-Star 6 109.90,2017,14,UNLV ,19,78.75,0,0,6,109.90
2017 12 12 New Mexico 17 Commits 78.98 5-Star 0 4-Star 0 3-Star 5 109.85,2017,15,New Mexico ,17,78.98,0,0,5,109.85
2018 1 1 Arkansas State 26 Commits 81.12 5-Star 0 4-Star 0 3-Star 15 147.72,2018,15,Arkansas State ,26,81.12,0,0,15,147.72
2018 2 2 Georgia Southern 23 Commits 80.52 5-Star 0 4-Star 0 3-Star 11 146.64,2018,15,Georgia Southern ,23,80.52,0,0,11,146.64
2018 3 3 Georgia State 27 Commits 80.23 5-Star 0 4-Star 0 3-Star 13 140.45,2018,15,Georgia State ,27,80.23,0,0,13,140.45
2018 4 4 Troy 18 Commits 81.02 5-Star 0 4-Star 0 3-Star 10 136.65,2018,14,Troy ,18,81.02,0,0,10,136.65
2018 5 7 Louisiana 19 Commits 80.01 5-Star 0 4-Star 0 3-Star 6 124.91,2018,14,Louisiana ,19,80.01,0,0,6,124.91
2018 6 9 Texas State 31 Commits 79.02 5-Star 0 4-Star 0 3-Star 8 124.24,2018,15,Texas State ,31,79.02,0,0,8,124.24
2018 7 5 Appalachian State 25 Commits 78.94 5-Star 0 4-Star 0 3-Star 10 120.20,2018,15,Appalachian State ,25,78.94,0,0,10,120.20
2018 8 6 Coastal Carolina 35 Commits 78.23 5-Star 0 4-Star 0 3-Star 8 120.13,2018,15,Coastal Carolina ,35,78.23,0,0,8,120.13
2018 9 8 South Alabama 27 Commits 78.58 5-Star 0 4-Star 0 3-Star 9 120.03,2018,15,South Alabama ,27,78.58,0,0,9,120.03
2018 10 10 Louisiana-Monroe 24 Commits 78.76 5-Star 0 4-Star 0 3-Star 6 116.57,2018,14,Louisiana-Monroe ,24,78.76,0,0,6,116.57
2019 1 1 Clemson 29 Commits 89.76 5-Star 1 4-Star 12 3-Star 15 275.55,2019,14,Clemson ,29,89.76,1,12,15,275.55
2019 2 3 Florida State 21 Commits 89.09 5-Star 0 4-Star 9 3-Star 12 244.31,2019,15,Florida State ,21,89.09,0,9,12,244.31
2019 3 5 Virginia Tech 24 Commits 87.39 5-Star 0 4-Star 7 3-Star 16 224.01,2019,15,Virginia Tech ,24,87.39,0,7,16,224.01
2019 4 6 Miami 18 Commits 88.07 5-Star 0 4-Star 7 3-Star 11 222.07,2019,14,Miami ,18,88.07,0,7,11,222.07
2019 5 2 North Carolina 25 Commits 86.23 5-Star 0 4-Star 5 3-Star 18 218.57,2019,15,North Carolina ,25,86.23,0,5,18,218.57
2019 6 4 NC State 24 Commits 86.70 5-Star 0 4-Star 4 3-Star 19 217.29,2019,15,NC State ,24,86.70,0,4,19,217.29
2019 7 7 Virginia 23 Commits 85.71 5-Star 0 4-Star 1 3-Star 22 200.89,2019,14,Virginia ,23,85.71,0,1,22,200.89
2019 8 8 Duke 21 Commits 85.38 5-Star 0 4-Star 1 3-Star 20 191.38,2019,14,Duke ,21,85.38,0,1,20,191.38
2019 9 10 Georgia Tech 22 Commits 85.53 5-Star 0 4-Star 1 3-Star 20 188.28,2019,15,Georgia Tech ,22,85.53,0,1,20,188.28
2019 10 11 Pittsburgh 20 Commits 84.91 5-Star 0 4-Star 0 3-Star 19 182.77,2019,14,Pittsburgh ,20,84.91,0,0,19,182.77
2019 11 13 Syracuse 20 Commits 84.83 5-Star 0 4-Star 0 3-Star 20 182.67,2019,14,Syracuse ,20,84.83,0,0,20,182.67
2019 12 9 Wake Forest 21 Commits 84.60 5-Star 0 4-Star 2 3-Star 19 182.26,2019,15,Wake Forest ,21,84.60,0,2,19,182.26
2019 13 12 Boston College 18 Commits 85.14 5-Star 0 4-Star 0 3-Star 18 177.26,2019,15,Boston College ,18,85.14,0,0,18,177.26
2019 14 14 Louisville 15 Commits 84.96 5-Star 0 4-Star 1 3-Star 14 165.93,2019,14,Louisville ,15,84.96,0,1,14,165.93
2020 1 1 Texas 20 Commits 91.76 5-Star 1 4-Star 15 3-Star 4 273.25,2020,14,Texas ,20,91.76,1,15,4,273.25
2020 2 2 Oklahoma 23 Commits 90.39 5-Star 0 4-Star 14 3-Star 9 259.38,2020,14,Oklahoma ,23,90.39,0,14,9,259.38
2020 3 3 TCU 21 Commits 88.54 5-Star 1 4-Star 6 3-Star 13 234.58,2020,14,TCU ,21,88.54,1,6,13,234.58
2020 4 4 West Virginia 22 Commits 86.44 5-Star 0 4-Star 1 3-Star 21 199.75,2020,15,West Virginia ,22,86.44,0,1,21,199.75
2020 5 6 Oklahoma State 23 Commits 85.46 5-Star 0 4-Star 1 3-Star 22 195.37,2020,15,Oklahoma State ,23,85.46,0,1,22,195.37
2020 6 5 Iowa State 23 Commits 85.11 5-Star 0 4-Star 1 3-Star 22 191.53,2020,15,Iowa State ,23,85.11,0,1,22,191.53
2020 7 7 Texas Tech 23 Commits 85.16 5-Star 0 4-Star 1 3-Star 22 187.96,2020,15,Texas Tech ,23,85.16,0,1,22,187.96
2020 8 10 Baylor 18 Commits 85.53 5-Star 0 4-Star 3 3-Star 15 183.39,2020,14,Baylor ,18,85.53,0,3,15,183.39
2020 9 8 Kansas State 27 Commits 84.39 5-Star 0 4-Star 0 3-Star 27 182.43,2020,15,Kansas State ,27,84.39,0,0,27,182.43
2020 10 9 Kansas 28 Commits 83.94 5-Star 0 4-Star 0 3-Star 26 178.97,2020,14,Kansas ,28,83.94,0,0,26,178.97
2021 1 1 Ohio State 23 Commits 94.98 5-Star 7 4-Star 13 3-Star 3 321.68,2021,15,Ohio State ,23,94.98,7,13,3,321.68
2021 2 2 Michigan 22 Commits 89.99 5-Star 1 4-Star 11 3-Star 10 260.53,2021,14,Michigan ,22,89.99,1,11,10,260.53
2021 3 3 Wisconsin 21 Commits 89.04 5-Star 1 4-Star 5 3-Star 15 240.73,2021,14,Wisconsin ,21,89.04,1,5,15,240.73
2021 4 5 Maryland 24 Commits 87.37 5-Star 1 4-Star 4 3-Star 18 230.24,2021,14,Maryland ,24,87.37,1,4,18,230.24
2021 5 7 Nebraska 20 Commits 87.64 5-Star 0 4-Star 4 3-Star 16 216.47,2021,14,Nebraska ,20,87.64,0,4,16,216.47
2021 6 6 Penn State 17 Commits 89.07 5-Star 0 4-Star 6 3-Star 10 216.37,2021,15,Penn State ,17,89.07,0,6,10,216.37
2021 7 4 Iowa 19 Commits 87.77 5-Star 0 4-Star 7 3-Star 12 213.85,2021,14,Iowa ,19,87.77,0,7,12,213.85
2021 8 8 Minnesota 18 Commits 87.17 5-Star 0 4-Star 4 3-Star 14 199.38,2021,14,Minnesota ,18,87.17,0,4,14,199.38
2021 9 9 Rutgers 21 Commits 85.40 5-Star 0 4-Star 2 3-Star 18 191.64,2021,14,Rutgers ,21,85.40,0,2,18,191.64
2021 10 10 Michigan State 19 Commits 85.65 5-Star 0 4-Star 1 3-Star 18 190.60,2021,15,Michigan State ,19,85.65,0,1,18,190.60
2021 11 11 Northwestern 16 Commits 86.26 5-Star 0 4-Star 3 3-Star 13 184.30,2021,14,Northwestern ,16,86.26,0,3,13,184.30
2021 12 12 Indiana 14 Commits 86.60 5-Star 0 4-Star 2 3-Star 11 177.78,2021,14,Indiana ,14,86.60,0,2,11,177.78
2021 13 13 Illinois 18 Commits 84.16 5-Star 0 4-Star 0 3-Star 17 161.95,2021,14,Illinois ,18,84.16,0,0,17,161.95
2021 14 14 Purdue 16 Commits 85.11 5-Star 0 4-Star 1 3-Star 13 159.72,2021,14,Purdue ,16,85.11,0,1,13,159.72
2017 1 1 USC 24 Commits 91.93 5-Star 2 4-Star 12 3-Star 9 297.10,2017,14,USC ,24,91.93,2,12,9,297.10
2017 2 2 Stanford 14 Commits 92.56 5-Star 3 4-Star 7 3-Star 4 246.79,2017,14,Stanford ,14,92.56,3,7,4,246.79
2017 3 3 Oregon 25 Commits 87.24 5-Star 0 4-Star 5 3-Star 20 230.04,2017,14,Oregon ,25,87.24,0,5,20,230.04
2017 4 5 UCLA 18 Commits 88.38 5-Star 2 4-Star 5 3-Star 11 229.13,2017,14,UCLA ,18,88.38,2,5,11,229.13
2017 5 4 Washington 18 Commits 88.45 5-Star 0 4-Star 9 3-Star 9 224.74,2017,14,Washington ,18,88.45,0,9,9,224.74
2017 6 8 Arizona State 21 Commits 85.45 5-Star 0 4-Star 4 3-Star 14 206.68,2017,15,Arizona State ,21,85.45,0,4,14,206.68
2017 7 6 Utah 23 Commits 86.04 5-Star 0 4-Star 3 3-Star 20 205.78,2017,14,Utah ,23,86.04,0,3,20,205.78
2017 8 7 Colorado 28 Commits 85.21 5-Star 0 4-Star 3 3-Star 24 203.78,2017,14,Colorado ,28,85.21,0,3,24,203.78
2017 9 10 Washington State 28 Commits 83.63 5-Star 0 4-Star 1 3-Star 24 186.45,2017,15,Washington State ,28,83.63,0,1,24,186.45
2017 10 9 Arizona 27 Commits 84.11 5-Star 0 4-Star 1 3-Star 24 185.88,2017,14,Arizona ,27,84.11,0,1,24,185.88
2017 11 11 Oregon State 25 Commits 83.85 5-Star 0 4-Star 1 3-Star 23 181.32,2017,15,Oregon State ,25,83.85,0,1,23,181.32
2017 12 12 California 15 Commits 84.01 5-Star 0 4-Star 1 3-Star 13 159.53,2017,14,California ,15,84.01,0,1,13,159.53
2018 1 1 Georgia 26 Commits 94.23 5-Star 7 4-Star 15 3-Star 4 323.31,2018,14,Georgia ,26,94.23,7,15,4,323.31
2018 2 2 Alabama 22 Commits 91.94 5-Star 2 4-Star 13 3-Star 7 289.94,2018,14,Alabama ,22,91.94,2,13,7,289.94
2018 3 4 Auburn 23 Commits 90.22 5-Star 0 4-Star 15 3-Star 8 262.77,2018,14,Auburn ,23,90.22,0,15,8,262.77
2018 4 6 Florida 20 Commits 90.75 5-Star 0 4-Star 13 3-Star 7 259.56,2018,14,Florida ,20,90.75,0,13,7,259.56
2018 5 3 LSU 22 Commits 90.11 5-Star 1 4-Star 12 3-Star 9 254.38,2018,14,LSU ,22,90.11,1,12,9,254.38
2018 6 5 Texas A&M 23 Commits 89.56 5-Star 0 4-Star 13 3-Star 10 251.20,2018,15,Texas A&M ,23,89.56,0,13,10,251.20
2018 7 7 South Carolina 23 Commits 88.97 5-Star 0 4-Star 9 3-Star 13 242.04,2018,15,South Carolina ,23,88.97,0,9,13,242.04
2018 8 8 Tennessee 22 Commits 87.57 5-Star 0 4-Star 8 3-Star 14 231.34,2018,14,Tennessee ,22,87.57,0,8,14,231.34
2018 9 9 Mississippi State 24 Commits 87.20 5-Star 0 4-Star 6 3-Star 16 218.47,2018,15,Mississippi State ,24,87.20,0,6,16,218.47
2018 10 11 Ole Miss 22 Commits 86.56 5-Star 0 4-Star 3 3-Star 17 211.49,2018,15,Ole Miss ,22,86.56,0,3,17,211.49
2018 11 10 Kentucky 24 Commits 86.11 5-Star 0 4-Star 3 3-Star 21 206.91,2018,14,Kentucky ,24,86.11,0,3,21,206.91
2018 12 14 Vanderbilt 22 Commits 86.19 5-Star 0 4-Star 3 3-Star 16 202.04,2018,14,Vanderbilt ,22,86.19,0,3,16,202.04
2018 13 13 Missouri 26 Commits 85.28 5-Star 0 4-Star 0 3-Star 26 197.38,2018,14,Missouri ,26,85.28,0,0,26,197.38
2018 14 12 Arkansas 20 Commits 86.21 5-Star 0 4-Star 2 3-Star 17 196.17,2018,14,Arkansas ,20,86.21,0,2,17,196.17
2019 1 1 UCF 22 Commits 84.24 5-Star 0 4-Star 0 3-Star 22 179.69,2019,14,UCF ,22,84.24,0,0,22,179.69
2019 2 3 Cincinnati 17 Commits 84.56 5-Star 0 4-Star 1 3-Star 15 174.23,2019,14,Cincinnati ,17,84.56,0,1,15,174.23
2019 3 2 Memphis 24 Commits 83.76 5-Star 0 4-Star 0 3-Star 22 172.84,2019,14,Memphis ,24,83.76,0,0,22,172.84
2019 4 4 SMU 20 Commits 82.95 5-Star 0 4-Star 0 3-Star 17 167.28,2019,14,SMU ,20,82.95,0,0,17,167.28
2019 5 5 Houston 18 Commits 84.02 5-Star 0 4-Star 0 3-Star 17 165.39,2019,14,Houston ,18,84.02,0,0,17,165.39
2019 6 8 USF 22 Commits 83.31 5-Star 0 4-Star 0 3-Star 19 158.44,2019,14,USF ,22,83.31,0,0,19,158.44
2019 7 6 East Carolina 21 Commits 82.56 5-Star 0 4-Star 0 3-Star 18 158.40,2019,15,East Carolina ,21,82.56,0,0,18,158.40
2019 8 7 Tulane 20 Commits 81.59 5-Star 0 4-Star 0 3-Star 15 144.82,2019,14,Tulane ,20,81.59,0,0,15,144.82
2019 9 9 Temple 19 Commits 81.47 5-Star 0 4-Star 0 3-Star 16 136.56,2019,14,Temple ,19,81.47,0,0,16,136.56
2019 10 10 Tulsa 22 Commits 80.19 5-Star 0 4-Star 0 3-Star 11 134.32,2019,14,Tulsa ,22,80.19,0,0,11,134.32
2019 11 11 Navy 29 Commits 78.66 5-Star 0 4-Star 0 3-Star 9 122.91,2019,14,Navy ,29,78.66,0,0,9,122.91
2020 1 4 Florida Atlantic 23 Commits 83.50 5-Star 0 4-Star 0 3-Star 20 166.46,2020,15,Florida Atlantic ,23,83.50,0,0,20,166.46
2020 2 5 North Texas 24 Commits 83.27 5-Star 0 4-Star 0 3-Star 23 165.86,2020,15,North Texas ,24,83.27,0,0,23,165.86
2020 3 1 Charlotte 24 Commits 82.10 5-Star 0 4-Star 1 3-Star 19 165.21,2020,14,Charlotte ,24,82.10,0,1,19,165.21
2020 4 8 FIU 22 Commits 82.58 5-Star 0 4-Star 0 3-Star 20 162.27,2020,14,FIU ,22,82.58,0,0,20,162.27
2020 5 2 Southern Miss 27 Commits 82.46 5-Star 0 4-Star 0 3-Star 25 162.20,2020,15,Southern Miss ,27,82.46,0,0,25,162.20
2020 6 3 Louisiana Tech 24 Commits 82.92 5-Star 0 4-Star 0 3-Star 22 162.08,2020,15,Louisiana Tech ,24,82.92,0,0,22,162.08
2020 7 6 Western Kentucky 27 Commits 81.52 5-Star 0 4-Star 0 3-Star 21 157.37,2020,15,Western Kentucky ,27,81.52,0,0,21,157.37
2020 8 10 UAB 19 Commits 82.30 5-Star 0 4-Star 0 3-Star 17 151.88,2020,14,UAB ,19,82.30,0,0,17,151.88
2020 9 9 UTSA 24 Commits 82.55 5-Star 0 4-Star 0 3-Star 17 151.44,2020,14,UTSA ,24,82.55,0,0,17,151.44
2020 10 11 Middle Tennessee State 22 Commits 81.97 5-Star 0 4-Star 0 3-Star 19 150.60,2020,16,Middle Tennessee State,22,81.97,0,0,19,150.60
2020 11 12 Marshall 26 Commits 81.06 5-Star 0 4-Star 0 3-Star 17 149.23,2020,14,Marshall ,26,81.06,0,0,17,149.23
2020 12 7 Rice 19 Commits 82.25 5-Star 0 4-Star 0 3-Star 18 147.70,2020,14,Rice ,19,82.25,0,0,18,147.70
2020 13 13 Old Dominion 22 Commits 81.34 5-Star 0 4-Star 0 3-Star 18 147.63,2020,15,Old Dominion ,22,81.34,0,0,18,147.63
2020 14 14 UTEP 30 Commits 78.40 5-Star 0 4-Star 0 3-Star 6 115.51,2020,14,UTEP ,30,78.40,0,0,6,115.51
2021 1 1 Notre Dame 27 Commits 89.68 5-Star 0 4-Star 12 3-Star 15 269.05,2021,15,Notre Dame ,27,89.68,0,12,15,269.05
2021 2 2 BYU 17 Commits 83.86 5-Star 0 4-Star 0 3-Star 17 163.01,2021,14,BYU ,17,83.86,0,0,17,163.01
2021 3 3 Army 51 Commits 79.24 5-Star 0 4-Star 0 3-Star 16 131.27,2021,14,Army ,51,79.24,0,0,16,131.27
2021 4 4 Liberty 14 Commits 81.95 5-Star 0 4-Star 0 3-Star 11 129.14,2021,14,Liberty ,14,81.95,0,0,11,129.14
2021 5 5 New Mexico State 18 Commits 80.83 5-Star 0 4-Star 0 3-Star 15 126.90,2021,16,New Mexico State,18,80.83,0,0,15,126.90
2021 6 7 Connecticut 16 Commits 81.43 5-Star 0 4-Star 0 3-Star 14 125.10,2021,14,Connecticut ,16,81.43,0,0,14,125.10
2021 7 6 Massachusetts 18 Commits 80.53 5-Star 0 4-Star 0 3-Star 12 121.74,2021,14,Massachusetts ,18,80.53,0,0,12,121.74
2017 1 1 Toledo 26 Commits 80.82 5-Star 0 4-Star 0 3-Star 18 146.60,2017,14,Toledo ,26,80.82,0,0,18,146.60
2017 2 4 Bowling Green 25 Commits 79.73 5-Star 0 4-Star 0 3-Star 13 138.14,2017,15,Bowling Green ,25,79.73,0,0,13,138.14
2017 3 6 Western Michigan 22 Commits 79.79 5-Star 0 4-Star 0 3-Star 13 129.94,2017,15,Western Michigan ,22,79.79,0,0,13,129.94
2017 4 2 Ball State 29 Commits 79.15 5-Star 0 4-Star 0 3-Star 11 128.80,2017,15,Ball State ,29,79.15,0,0,11,128.80
2017 5 5 Central Michigan 25 Commits 79.09 5-Star 0 4-Star 0 3-Star 8 127.40,2017,15,Central Michigan ,25,79.09,0,0,8,127.40
2017 6 7 Miami (OH) 21 Commits 79.78 5-Star 0 4-Star 0 3-Star 8 126.73,2017,15,Miami (OH) ,21,79.78,0,0,8,126.73
2017 7 9 Northern Illinois 23 Commits 78.92 5-Star 0 4-Star 0 3-Star 10 122.74,2017,15,Northern Illinois ,23,78.92,0,0,10,122.74
2017 8 3 Ohio 24 Commits 78.81 5-Star 0 4-Star 0 3-Star 8 120.83,2017,14,Ohio ,24,78.81,0,0,8,120.83
2017 9 8 Buffalo 22 Commits 78.23 5-Star 0 4-Star 0 3-Star 6 112.97,2017,14,Buffalo ,22,78.23,0,0,6,112.97
2017 10 10 Eastern Michigan 26 Commits 76.97 5-Star 0 4-Star 0 3-Star 3 100.97,2017,15,Eastern Michigan ,26,76.97,0,0,3,100.97
2017 11 11 Kent State 23 Commits 77.04 5-Star 0 4-Star 0 3-Star 3 94.88,2017,15,Kent State ,23,77.04,0,0,3,94.88
2017 12 12 Akron 20 Commits 77.09 5-Star 0 4-Star 0 3-Star 1 88.91,2017,14,Akron ,20,77.09,0,0,1,88.91
2018 1 1 Boise State 27 Commits 83.42 5-Star 0 4-Star 1 3-Star 22 183.62,2018,15,Boise State ,27,83.42,0,1,22,183.62
2018 2 2 San Diego State 26 Commits 81.52 5-Star 0 4-Star 0 3-Star 16 159.56,2018,16,San Diego State,26,81.52,0,0,16,159.56
2018 3 3 Nevada 37 Commits 79.89 5-Star 0 4-Star 0 3-Star 16 154.95,2018,14,Nevada ,37,79.89,0,0,16,154.95
2018 4 4 Colorado State 23 Commits 81.35 5-Star 0 4-Star 0 3-Star 17 152.79,2018,15,Colorado State ,23,81.35,0,0,17,152.79
2018 5 5 Fresno State 22 Commits 80.18 5-Star 0 4-Star 1 3-Star 11 141.73,2018,15,Fresno State ,22,80.18,0,1,11,141.73
2018 6 6 San Jose State 27 Commits 79.48 5-Star 0 4-Star 0 3-Star 13 140.86,2018,16,San Jose State,27,79.48,0,0,13,140.86
2018 7 7 Hawaii 30 Commits 79.65 5-Star 0 4-Star 0 3-Star 14 138.46,2018,14,Hawaii ,30,79.65,0,0,14,138.46
2018 8 8 UNLV 25 Commits 79.71 5-Star 0 4-Star 0 3-Star 12 131.08,2018,14,UNLV ,25,79.71,0,0,12,131.08
2018 9 9 Utah State 22 Commits 79.09 5-Star 0 4-Star 0 3-Star 9 123.61,2018,15,Utah State ,22,79.09,0,0,9,123.61
2018 10 10 Air Force 32 Commits 77.89 5-Star 0 4-Star 0 3-Star 8 115.60,2018,15,Air Force ,32,77.89,0,0,8,115.60
2018 11 12 New Mexico 26 Commits 77.95 5-Star 0 4-Star 0 3-Star 6 110.31,2018,15,New Mexico ,26,77.95,0,0,6,110.31
2018 12 11 Wyoming 23 Commits 78.07 5-Star 0 4-Star 0 3-Star 6 109.14,2018,14,Wyoming ,23,78.07,0,0,6,109.14
2019 1 1 Louisiana 29 Commits 81.81 5-Star 0 4-Star 0 3-Star 22 158.58,2019,14,Louisiana ,29,81.81,0,0,22,158.58
2019 2 2 Troy 25 Commits 81.87 5-Star 0 4-Star 0 3-Star 18 157.95,2019,14,Troy ,25,81.87,0,0,18,157.95
2019 3 5 Arkansas State 24 Commits 80.58 5-Star 0 4-Star 0 3-Star 16 143.36,2019,15,Arkansas State ,24,80.58,0,0,16,143.36
2019 4 3 Georgia State 22 Commits 80.49 5-Star 0 4-Star 0 3-Star 13 140.37,2019,15,Georgia State ,22,80.49,0,0,13,140.37
2019 5 6 Appalachian State 18 Commits 81.52 5-Star 0 4-Star 0 3-Star 16 139.00,2019,15,Appalachian State ,18,81.52,0,0,16,139.00
2019 6 8 Georgia Southern 24 Commits 79.54 5-Star 0 4-Star 0 3-Star 9 125.24,2019,15,Georgia Southern ,24,79.54,0,0,9,125.24
2019 7 9 Coastal Carolina 30 Commits 78.62 5-Star 0 4-Star 0 3-Star 8 125.06,2019,15,Coastal Carolina ,30,78.62,0,0,8,125.06
2019 8 7 Louisiana-Monroe 21 Commits 79.74 5-Star 0 4-Star 0 3-Star 10 124.99,2019,14,Louisiana-Monroe ,21,79.74,0,0,10,124.99
2019 9 4 South Alabama 32 Commits 78.38 5-Star 0 4-Star 0 3-Star 7 122.82,2019,15,South Alabama ,32,78.38,0,0,7,122.82
2019 10 10 Texas State 17 Commits 79.73 5-Star 0 4-Star 0 3-Star 5 111.10,2019,15,Texas State ,17,79.73,0,0,5,111.10
2020 1 1 Clemson 23 Commits 93.44 5-Star 5 4-Star 12 3-Star 6 309.57,2020,14,Clemson ,23,93.44,5,12,6,309.57
2020 2 2 North Carolina 26 Commits 88.88 5-Star 1 4-Star 9 3-Star 16 256.79,2020,15,North Carolina ,26,88.88,1,9,16,256.79
2020 3 3 Miami 21 Commits 90.05 5-Star 0 4-Star 10 3-Star 11 254.92,2020,14,Miami ,21,90.05,0,10,11,254.92
2020 4 4 Florida State 26 Commits 87.96 5-Star 0 4-Star 8 3-Star 16 238.37,2020,15,Florida State ,26,87.96,0,8,16,238.37
2020 5 5 Georgia Tech 24 Commits 87.17 5-Star 0 4-Star 4 3-Star 20 221.82,2020,15,Georgia Tech ,24,87.17,0,4,20,221.82
2020 6 6 Louisville 27 Commits 85.55 5-Star 0 4-Star 0 3-Star 26 194.77,2020,14,Louisville ,27,85.55,0,0,26,194.77
2020 7 8 NC State 22 Commits 85.66 5-Star 0 4-Star 2 3-Star 18 194.75,2020,15,NC State ,22,85.66,0,2,18,194.75
2020 8 7 Pittsburgh 18 Commits 86.07 5-Star 0 4-Star 2 3-Star 15 192.59,2020,14,Pittsburgh ,18,86.07,0,2,15,192.59
2020 9 9 Virginia 16 Commits 86.18 5-Star 0 4-Star 2 3-Star 14 185.51,2020,14,Virginia ,16,86.18,0,2,14,185.51
2020 10 11 Syracuse 25 Commits 84.02 5-Star 0 4-Star 0 3-Star 23 177.96,2020,14,Syracuse ,25,84.02,0,0,23,177.96
2020 11 10 Wake Forest 23 Commits 83.60 5-Star 0 4-Star 0 3-Star 20 173.82,2020,15,Wake Forest ,23,83.60,0,0,20,173.82
2020 12 13 Boston College 16 Commits 84.83 5-Star 0 4-Star 2 3-Star 13 172.32,2020,15,Boston College ,16,84.83,0,2,13,172.32
2020 13 12 Duke 18 Commits 85.05 5-Star 0 4-Star 0 3-Star 17 171.72,2020,14,Duke ,18,85.05,0,0,17,171.72
2020 14 14 Virginia Tech 16 Commits 84.98 5-Star 0 4-Star 1 3-Star 14 162.89,2020,15,Virginia Tech ,16,84.98,0,1,14,162.89
2021 1 1 Oklahoma 16 Commits 93.18 5-Star 1 4-Star 12 3-Star 3 267.80,2021,14,Oklahoma ,16,93.18,1,12,3,267.80
2021 2 2 Texas 23 Commits 89.00 5-Star 1 4-Star 10 3-Star 12 247.46,2021,14,Texas ,23,89.00,1,10,12,247.46
2021 3 3 Oklahoma State 21 Commits 86.60 5-Star 0 4-Star 2 3-Star 19 207.30,2021,15,Oklahoma State ,21,86.60,0,2,19,207.30
2021 4 4 Baylor 20 Commits 86.60 5-Star 0 4-Star 2 3-Star 16 195.60,2021,14,Baylor ,20,86.60,0,2,16,195.60
2021 5 5 West Virginia 17 Commits 87.21 5-Star 0 4-Star 3 3-Star 13 195.06,2021,15,West Virginia ,17,87.21,0,3,13,195.06
2021 6 7 TCU 15 Commits 87.13 5-Star 0 4-Star 3 3-Star 11 180.37,2021,14,TCU ,15,87.13,0,3,11,180.37
2021 7 8 Kansas State 19 Commits 85.49 5-Star 0 4-Star 1 3-Star 16 176.98,2021,15,Kansas State ,19,85.49,0,1,16,176.98
2021 8 6 Iowa State 18 Commits 84.94 5-Star 0 4-Star 0 3-Star 18 175.58,2021,15,Iowa State ,18,84.94,0,0,18,175.58
2021 9 9 Kansas 20 Commits 84.32 5-Star 0 4-Star 0 3-Star 20 170.56,2021,14,Kansas ,20,84.32,0,0,20,170.56
2021 10 10 Texas Tech 12 Commits 86.44 5-Star 0 4-Star 1 3-Star 11 161.34,2021,15,Texas Tech ,12,86.44,0,1,11,161.34
2017 1 1 Ohio State 21 Commits 94.59 5-Star 5 4-Star 14 3-Star 2 312.14,2017,15,Ohio State ,21,94.59,5,14,2,312.14
2017 2 2 Michigan 30 Commits 91.20 5-Star 2 4-Star 19 3-Star 8 296.03,2017,14,Michigan ,30,91.20,2,19,8,296.03
2017 3 3 Penn State 22 Commits 88.32 5-Star 0 4-Star 11 3-Star 10 240.47,2017,15,Penn State ,22,88.32,0,11,10,240.47
2017 4 5 Maryland 28 Commits 86.86 5-Star 0 4-Star 8 3-Star 20 230.17,2017,14,Maryland ,28,86.86,0,8,20,230.17
2017 5 4 Nebraska 20 Commits 87.81 5-Star 0 4-Star 6 3-Star 14 224.33,2017,14,Nebraska ,20,87.81,0,6,14,224.33
2017 6 7 Michigan State 26 Commits 84.90 5-Star 0 4-Star 4 3-Star 20 203.65,2017,15,Michigan State ,26,84.90,0,4,20,203.65
2017 7 8 Wisconsin 18 Commits 85.82 5-Star 0 4-Star 2 3-Star 15 193.87,2017,14,Wisconsin ,18,85.82,0,2,15,193.87
2017 8 6 Iowa 22 Commits 84.52 5-Star 1 4-Star 2 3-Star 18 191.44,2017,14,Iowa ,22,84.52,1,2,18,191.44
2017 9 10 Rutgers 26 Commits 83.71 5-Star 0 4-Star 3 3-Star 21 189.01,2017,14,Rutgers ,26,83.71,0,3,21,189.01
2017 10 9 Illinois 27 Commits 83.71 5-Star 0 4-Star 0 3-Star 26 185.24,2017,14,Illinois ,27,83.71,0,0,26,185.24
2017 11 11 Northwestern 19 Commits 85.04 5-Star 0 4-Star 1 3-Star 18 182.07,2017,14,Northwestern ,19,85.04,0,1,18,182.07
2017 12 13 Minnesota 26 Commits 83.24 5-Star 0 4-Star 0 3-Star 25 171.42,2017,14,Minnesota ,26,83.24,0,0,25,171.42
2017 13 12 Indiana 23 Commits 83.19 5-Star 0 4-Star 0 3-Star 22 167.99,2017,14,Indiana ,23,83.19,0,0,22,167.99
2017 14 14 Purdue 25 Commits 81.88 5-Star 0 4-Star 0 3-Star 21 158.89,2017,14,Purdue ,25,81.88,0,0,21,158.89
2018 1 1 USC 18 Commits 94.23 5-Star 4 4-Star 13 3-Star 1 291.20,2018,14,USC ,18,94.23,4,13,1,291.20
2018 2 4 Oregon 24 Commits 89.18 5-Star 0 4-Star 12 3-Star 11 260.22,2018,14,Oregon ,24,89.18,0,12,11,260.22
2018 3 2 Washington 20 Commits 90.21 5-Star 0 4-Star 10 3-Star 10 253.23,2018,14,Washington ,20,90.21,0,10,10,253.23
2018 4 3 UCLA 27 Commits 87.32 5-Star 0 4-Star 9 3-Star 17 237.77,2018,14,UCLA ,27,87.32,0,9,17,237.77
2018 5 5 Utah 25 Commits 85.69 5-Star 0 4-Star 2 3-Star 22 209.95,2018,14,Utah ,25,85.69,0,2,22,209.95
2018 6 6 Arizona State 22 Commits 85.80 5-Star 0 4-Star 2 3-Star 18 207.06,2018,15,Arizona State ,22,85.80,0,2,18,207.06
2018 7 9 Stanford 15 Commits 88.02 5-Star 0 4-Star 5 3-Star 10 202.29,2018,14,Stanford ,15,88.02,0,5,10,202.29
2018 8 8 California 22 Commits 85.67 5-Star 0 4-Star 2 3-Star 20 197.41,2018,14,California ,22,85.67,0,2,20,197.41
2018 9 7 Washington State 29 Commits 84.48 5-Star 0 4-Star 2 3-Star 25 194.84,2018,15,Washington State ,29,84.48,0,2,25,194.84
2018 10 10 Colorado 25 Commits 84.49 5-Star 0 4-Star 1 3-Star 22 187.11,2018,14,Colorado ,25,84.49,0,1,22,187.11
2018 11 11 Arizona 20 Commits 84.83 5-Star 0 4-Star 0 3-Star 20 178.03,2018,14,Arizona ,20,84.83,0,0,20,178.03
2018 12 12 Oregon State 26 Commits 83.28 5-Star 0 4-Star 0 3-Star 24 173.54,2018,15,Oregon State ,26,83.28,0,0,24,173.54
2019 1 1 Alabama 27 Commits 94.38 5-Star 3 4-Star 23 3-Star 1 317.50,2019,14,Alabama ,27,94.38,3,23,1,317.50
2019 2 2 Georgia 24 Commits 93.32 5-Star 5 4-Star 15 3-Star 4 308.98,2019,14,Georgia ,24,93.32,5,15,4,308.98
2019 3 4 Texas A&M 27 Commits 90.85 5-Star 2 4-Star 13 3-Star 11 284.67,2019,15,Texas A&M ,27,90.85,2,13,11,284.67
2019 4 3 LSU 25 Commits 90.75 5-Star 3 4-Star 11 3-Star 10 284.06,2019,14,LSU ,25,90.75,3,11,10,284.06
2019 5 5 Florida 26 Commits 90.56 5-Star 0 4-Star 17 3-Star 8 277.02,2019,14,Florida ,26,90.56,0,17,8,277.02
2019 6 6 Auburn 21 Commits 91.16 5-Star 2 4-Star 12 3-Star 7 271.94,2019,14,Auburn ,21,91.16,2,12,7,271.94
2019 7 7 Tennessee 22 Commits 90.46 5-Star 2 4-Star 10 3-Star 10 269.07,2019,14,Tennessee ,22,90.46,2,10,10,269.07
2019 8 8 South Carolina 22 Commits 88.90 5-Star 1 4-Star 4 3-Star 17 241.31,2019,15,South Carolina ,22,88.90,1,4,17,241.31
2019 9 9 Ole Miss 31 Commits 87.66 5-Star 1 4-Star 7 3-Star 23 238.11,2019,15,Ole Miss ,31,87.66,1,7,23,238.11
2019 10 10 Arkansas 26 Commits 88.54 5-Star 0 4-Star 11 3-Star 14 237.17,2019,14,Arkansas ,26,88.54,0,11,14,237.17
2019 11 11 Mississippi State 22 Commits 88.34 5-Star 1 4-Star 5 3-Star 16 236.60,2019,15,Mississippi State ,22,88.34,1,5,16,236.60
2019 12 12 Kentucky 22 Commits 86.55 5-Star 0 4-Star 3 3-Star 19 203.49,2019,14,Kentucky ,22,86.55,0,3,19,203.49
2019 13 13 Missouri 22 Commits 86.23 5-Star 0 4-Star 3 3-Star 19 202.13,2019,14,Missouri ,22,86.23,0,3,19,202.13
2019 14 14 Vanderbilt 23 Commits 84.51 5-Star 0 4-Star 0 3-Star 21 182.42,2019,14,Vanderbilt ,23,84.51,0,0,21,182.42
2020 1 1 Cincinnati 24 Commits 85.31 5-Star 0 4-Star 3 3-Star 19 194.94,2020,14,Cincinnati ,24,85.31,0,3,19,194.94
2020 2 2 Memphis 19 Commits 84.16 5-Star 0 4-Star 0 3-Star 19 170.50,2020,14,Memphis ,19,84.16,0,0,19,170.50
2020 3 6 Tulane 21 Commits 83.38 5-Star 0 4-Star 0 3-Star 20 165.84,2020,14,Tulane ,21,83.38,0,0,20,165.84
2020 4 7 SMU 18 Commits 84.24 5-Star 0 4-Star 0 3-Star 17 165.52,2020,14,SMU ,18,84.24,0,0,17,165.52
2020 5 4 Houston 20 Commits 83.65 5-Star 0 4-Star 0 3-Star 18 165.12,2020,14,Houston ,20,83.65,0,0,18,165.12
2020 6 5 East Carolina 29 Commits 82.39 5-Star 0 4-Star 0 3-Star 26 163.70,2020,15,East Carolina ,29,82.39,0,0,26,163.70
2020 7 3 UCF 20 Commits 83.83 5-Star 0 4-Star 0 3-Star 20 162.97,2020,14,UCF ,20,83.83,0,0,20,162.97
2020 8 8 Temple 20 Commits 82.22 5-Star 0 4-Star 0 3-Star 19 145.30,2020,14,Temple ,20,82.22,0,0,19,145.30
2020 9 9 USF 15 Commits 83.13 5-Star 0 4-Star 0 3-Star 15 142.97,2020,14,USF ,15,83.13,0,0,15,142.97
2020 10 10 Tulsa 20 Commits 81.26 5-Star 0 4-Star 0 3-Star 16 138.25,2020,14,Tulsa ,20,81.26,0,0,16,138.25
2020 11 11 Navy 66 Commits 78.98 5-Star 0 4-Star 0 3-Star 12 128.76,2020,14,Navy ,66,78.98,0,0,12,128.76
2021 1 1 North Texas 20 Commits 83.09 5-Star 0 4-Star 0 3-Star 18 157.24,2021,15,North Texas ,20,83.09,0,0,18,157.24
2021 2 3 UTSA 20 Commits 82.67 5-Star 0 4-Star 0 3-Star 18 154.01,2021,14,UTSA ,20,82.67,0,0,18,154.01
2021 3 2 Florida Atlantic 20 Commits 82.68 5-Star 0 4-Star 0 3-Star 20 152.76,2021,15,Florida Atlantic ,20,82.68,0,0,20,152.76
2021 4 4 FIU 18 Commits 82.74 5-Star 0 4-Star 0 3-Star 15 151.19,2021,14,FIU ,18,82.74,0,0,15,151.19
2021 5 6 Rice 20 Commits 81.76 5-Star 0 4-Star 0 3-Star 17 141.39,2021,14,Rice ,20,81.76,0,0,17,141.39
2021 6 7 Old Dominion 19 Commits 81.44 5-Star 0 4-Star 0 3-Star 16 135.73,2021,15,Old Dominion ,19,81.44,0,0,16,135.73
2021 7 5 Charlotte 21 Commits 81.37 5-Star 0 4-Star 0 3-Star 15 132.12,2021,14,Charlotte ,21,81.37,0,0,15,132.12
2021 8 9 UAB 16 Commits 81.86 5-Star 0 4-Star 0 3-Star 13 126.53,2021,14,UAB ,16,81.86,0,0,13,126.53
2021 9 10 Louisiana Tech 11 Commits 83.24 5-Star 0 4-Star 0 3-Star 10 114.92,2021,15,Louisiana Tech ,11,83.24,0,0,10,114.92
2021 10 11 Marshall 11 Commits 82.23 5-Star 0 4-Star 0 3-Star 9 114.87,2021,14,Marshall ,11,82.23,0,0,9,114.87
2021 11 12 Southern Miss 14 Commits 82.70 5-Star 0 4-Star 0 3-Star 9 111.04,2021,15,Southern Miss ,14,82.70,0,0,9,111.04
2021 12 8 Middle Tennessee State 14 Commits 83.39 5-Star 0 4-Star 0 3-Star 9 107.22,2021,16,Middle Tennessee State,14,83.39,0,0,9,107.22
2021 13 13 UTEP 11 Commits 80.15 5-Star 0 4-Star 0 3-Star 5 66.47,2021,14,UTEP ,11,80.15,0,0,5,66.47
2021 14 14 Western Kentucky 4 Commits 82.87 5-Star 0 4-Star 0 3-Star 3 50.61,2021,15,Western Kentucky ,4,82.87,0,0,3,50.61
2017 1 1 Notre Dame 21 Commits 89.37 5-Star 0 4-Star 10 3-Star 11 251.32,2017,15,Notre Dame ,21,89.37,0,10,11,251.32
2017 2 2 BYU 23 Commits 81.92 5-Star 0 4-Star 2 3-Star 12 167.37,2017,14,BYU ,23,81.92,0,2,12,167.37
2017 3 3 Massachusetts 21 Commits 78.84 5-Star 0 4-Star 0 3-Star 8 115.82,2017,14,Massachusetts ,21,78.84,0,0,8,115.82
2017 4 4 Army 80 Commits 76.83 5-Star 0 4-Star 0 3-Star 3 106.37,2017,14,Army ,80,76.83,0,0,3,106.37
2018 1 1 Toledo 31 Commits 82.62 5-Star 0 4-Star 0 3-Star 25 174.22,2018,14,Toledo ,31,82.62,0,0,25,174.22
2018 2 2 Western Michigan 21 Commits 82.88 5-Star 0 4-Star 0 3-Star 19 163.69,2018,15,Western Michigan ,21,82.88,0,0,19,163.69
2018 3 3 Bowling Green 24 Commits 80.79 5-Star 0 4-Star 0 3-Star 13 143.76,2018,15,Bowling Green ,24,80.79,0,0,13,143.76
2018 4 4 Northern Illinois 25 Commits 80.59 5-Star 0 4-Star 0 3-Star 14 141.69,2018,15,Northern Illinois ,25,80.59,0,0,14,141.69
2018 5 5 Kent State 21 Commits 79.47 5-Star 0 4-Star 0 3-Star 8 127.72,2018,15,Kent State ,21,79.47,0,0,8,127.72
2018 6 6 Eastern Michigan 24 Commits 79.21 5-Star 0 4-Star 0 3-Star 8 121.54,2018,15,Eastern Michigan ,24,79.21,0,0,8,121.54
2018 7 7 Ball State 22 Commits 78.60 5-Star 0 4-Star 0 3-Star 8 115.57,2018,15,Ball State ,22,78.60,0,0,8,115.57
2018 8 8 Central Michigan 19 Commits 79.19 5-Star 0 4-Star 0 3-Star 4 111.22,2018,15,Central Michigan ,19,79.19,0,0,4,111.22
2018 9 11 Ohio 24 Commits 78.63 5-Star 0 4-Star 0 3-Star 5 110.94,2018,14,Ohio ,24,78.63,0,0,5,110.94
2018 10 9 Akron 16 Commits 79.15 5-Star 0 4-Star 0 3-Star 4 108.81,2018,14,Akron ,16,79.15,0,0,4,108.81
2018 11 10 Miami (OH) 14 Commits 79.25 5-Star 0 4-Star 0 3-Star 7 103.16,2018,15,Miami (OH) ,14,79.25,0,0,7,103.16
2018 12 12 Buffalo 13 Commits 77.76 5-Star 0 4-Star 0 3-Star 3 81.31,2018,14,Buffalo ,13,77.76,0,0,3,81.31
2019 1 1 Boise State 20 Commits 85.11 5-Star 0 4-Star 2 3-Star 14 183.58,2019,15,Boise State ,20,85.11,0,2,14,183.58
2019 2 4 Colorado State 20 Commits 82.27 5-Star 0 4-Star 0 3-Star 17 155.22,2019,15,Colorado State ,20,82.27,0,0,17,155.22
2019 3 2 Fresno State 23 Commits 82.02 5-Star 0 4-Star 0 3-Star 19 155.11,2019,15,Fresno State ,23,82.02,0,0,19,155.11
2019 4 3 Utah State 27 Commits 81.21 5-Star 0 4-Star 0 3-Star 20 149.92,2019,15,Utah State ,27,81.21,0,0,20,149.92
2019 5 5 Nevada 20 Commits 81.83 5-Star 0 4-Star 0 3-Star 14 149.55,2019,14,Nevada ,20,81.83,0,0,14,149.55
2019 6 7 San Diego State 22 Commits 81.49 5-Star 0 4-Star 0 3-Star 17 149.19,2019,16,San Diego State,22,81.49,0,0,17,149.19
2019 7 6 Wyoming 24 Commits 80.34 5-Star 0 4-Star 0 3-Star 12 140.75,2019,14,Wyoming ,24,80.34,0,0,12,140.75
2019 8 9 UNLV 20 Commits 80.83 5-Star 0 4-Star 0 3-Star 11 137.99,2019,14,UNLV ,20,80.83,0,0,11,137.99
2019 9 11 Air Force 51 Commits 78.14 5-Star 0 4-Star 0 3-Star 10 132.36,2019,15,Air Force ,51,78.14,0,0,10,132.36
2019 10 8 Hawaii 23 Commits 80.15 5-Star 0 4-Star 0 3-Star 13 129.53,2019,14,Hawaii ,23,80.15,0,0,13,129.53
2019 11 12 New Mexico 28 Commits 79.55 5-Star 0 4-Star 0 3-Star 12 126.28,2019,15,New Mexico ,28,79.55,0,0,12,126.28
2019 12 10 San Jose State 19 Commits 80.01 5-Star 0 4-Star 0 3-Star 10 122.02,2019,16,San Jose State,19,80.01,0,0,10,122.02
2020 1 1 Louisiana 21 Commits 82.93 5-Star 0 4-Star 0 3-Star 20 158.34,2020,14,Louisiana ,21,82.93,0,0,20,158.34
2020 2 3 Troy 28 Commits 81.48 5-Star 0 4-Star 0 3-Star 20 157.42,2020,14,Troy ,28,81.48,0,0,20,157.42
2020 3 2 Appalachian State 20 Commits 82.57 5-Star 0 4-Star 0 3-Star 18 154.59,2020,15,Appalachian State ,20,82.57,0,0,18,154.59
2020 4 5 Arkansas State 22 Commits 81.71 5-Star 0 4-Star 0 3-Star 17 148.75,2020,15,Arkansas State ,22,81.71,0,0,17,148.75
2020 5 6 Coastal Carolina 25 Commits 81.52 5-Star 0 4-Star 0 3-Star 23 146.90,2020,15,Coastal Carolina ,25,81.52,0,0,23,146.90
2020 6 7 Georgia Southern 23 Commits 81.22 5-Star 0 4-Star 0 3-Star 17 145.87,2020,15,Georgia Southern ,23,81.22,0,0,17,145.87
2020 7 9 Texas State 19 Commits 81.51 5-Star 0 4-Star 0 3-Star 15 145.19,2020,15,Texas State ,19,81.51,0,0,15,145.19
2020 8 8 South Alabama 26 Commits 81.26 5-Star 0 4-Star 0 3-Star 24 143.26,2020,15,South Alabama ,26,81.26,0,0,24,143.26
2020 9 4 Georgia State 16 Commits 82.50 5-Star 0 4-Star 0 3-Star 16 140.52,2020,15,Georgia State ,16,82.50,0,0,16,140.52
2020 10 10 Louisiana-Monroe 22 Commits 80.56 5-Star 0 4-Star 0 3-Star 18 132.30,2020,14,Louisiana-Monroe ,22,80.56,0,0,18,132.30
2021 1 1 Clemson 19 Commits 94.01 5-Star 3 4-Star 14 3-Star 2 291.06,2021,14,Clemson ,19,94.01,3,14,2,291.06
2021 2 3 Miami 22 Commits 90.51 5-Star 2 4-Star 12 3-Star 8 266.08,2021,14,Miami ,22,90.51,2,12,8,266.08
2021 3 2 North Carolina 19 Commits 90.87 5-Star 1 4-Star 11 3-Star 7 256.55,2021,15,North Carolina ,19,90.87,1,11,7,256.55
2021 4 4 Florida State 18 Commits 87.98 5-Star 0 4-Star 7 3-Star 10 216.37,2021,15,Florida State ,18,87.98,0,7,10,216.37
2021 5 7 Pittsburgh 22 Commits 86.64 5-Star 0 4-Star 3 3-Star 19 209.14,2021,14,Pittsburgh ,22,86.64,0,3,19,209.14
2021 6 5 Virginia 25 Commits 86.03 5-Star 0 4-Star 3 3-Star 22 206.33,2021,14,Virginia ,25,86.03,0,3,22,206.33
2021 7 6 NC State 21 Commits 86.03 5-Star 0 4-Star 3 3-Star 17 203.31,2021,15,NC State ,21,86.03,0,3,17,203.31
2021 8 9 Boston College 26 Commits 85.38 5-Star 0 4-Star 2 3-Star 24 201.65,2021,15,Boston College ,26,85.38,0,2,24,201.65
2021 9 10 Louisville 27 Commits 85.87 5-Star 0 4-Star 1 3-Star 22 196.31,2021,14,Louisville ,27,85.87,0,1,22,196.31
2021 10 8 Virginia Tech 28 Commits 85.12 5-Star 0 4-Star 1 3-Star 26 191.39,2021,15,Virginia Tech ,28,85.12,0,1,26,191.39
2021 11 12 Georgia Tech 16 Commits 86.42 5-Star 0 4-Star 2 3-Star 14 186.81,2021,15,Georgia Tech ,16,86.42,0,2,14,186.81
2021 12 11 Duke 18 Commits 85.27 5-Star 0 4-Star 0 3-Star 18 176.14,2021,14,Duke ,18,85.27,0,0,18,176.14
2021 13 13 Syracuse 21 Commits 84.41 5-Star 0 4-Star 0 3-Star 20 174.28,2021,14,Syracuse ,21,84.41,0,0,20,174.28
2021 14 14 Wake Forest 20 Commits 83.61 5-Star 0 4-Star 0 3-Star 19 165.75,2021,15,Wake Forest ,20,83.61,0,0,19,165.75
2017 1 1 Oklahoma 28 Commits 89.93 5-Star 0 4-Star 18 3-Star 10 270.79,2017,14,Oklahoma ,28,89.93,0,18,10,270.79
2017 2 2 Texas 18 Commits 87.58 5-Star 0 4-Star 7 3-Star 11 217.76,2017,14,Texas ,18,87.58,0,7,11,217.76
2017 3 4 TCU 23 Commits 85.18 5-Star 0 4-Star 4 3-Star 16 210.03,2017,14,TCU ,23,85.18,0,4,16,210.03
2017 4 5 Oklahoma State 22 Commits 84.95 5-Star 0 4-Star 2 3-Star 19 194.18,2017,15,Oklahoma State ,22,84.95,0,2,19,194.18
2017 5 3 Baylor 28 Commits 84.60 5-Star 0 4-Star 0 3-Star 27 193.36,2017,14,Baylor ,28,84.60,0,0,27,193.36
2017 6 6 Texas Tech 19 Commits 84.84 5-Star 0 4-Star 1 3-Star 17 183.07,2017,15,Texas Tech ,19,84.84,0,1,17,183.07
2017 7 8 Iowa State 26 Commits 83.90 5-Star 0 4-Star 0 3-Star 26 180.53,2017,15,Iowa State ,26,83.90,0,0,26,180.53
2017 8 7 West Virginia 23 Commits 84.18 5-Star 0 4-Star 0 3-Star 23 174.68,2017,15,West Virginia ,23,84.18,0,0,23,174.68
2017 9 9 Kansas State 23 Commits 83.33 5-Star 0 4-Star 0 3-Star 22 169.37,2017,15,Kansas State ,23,83.33,0,0,22,169.37
2017 10 10 Kansas 22 Commits 82.18 5-Star 0 4-Star 0 3-Star 18 159.35,2017,14,Kansas ,22,82.18,0,0,18,159.35
2018 1 1 Ohio State 26 Commits 94.29 5-Star 3 4-Star 20 3-Star 3 317.06,2018,15,Ohio State ,26,94.29,3,20,3,317.06
2018 2 2 Penn State 23 Commits 91.70 5-Star 3 4-Star 12 3-Star 8 285.92,2018,15,Penn State ,23,91.70,3,12,8,285.92
2018 3 3 Michigan 20 Commits 88.75 5-Star 0 4-Star 7 3-Star 12 230.56,2018,14,Michigan ,20,88.75,0,7,12,230.56
2018 4 4 Nebraska 24 Commits 87.70 5-Star 0 4-Star 6 3-Star 18 227.95,2018,14,Nebraska ,24,87.70,0,6,18,227.95
2018 5 5 Maryland 24 Commits 86.98 5-Star 0 4-Star 4 3-Star 20 218.34,2018,14,Maryland ,24,86.98,0,4,20,218.34
2018 6 6 Michigan State 22 Commits 86.95 5-Star 0 4-Star 3 3-Star 19 212.21,2018,15,Michigan State ,22,86.95,0,3,19,212.21
2018 7 8 Minnesota 25 Commits 86.22 5-Star 0 4-Star 3 3-Star 22 206.66,2018,14,Minnesota ,25,86.22,0,3,22,206.66
2018 8 7 Iowa 24 Commits 85.61 5-Star 0 4-Star 0 3-Star 22 203.34,2018,14,Iowa ,24,85.61,0,0,22,203.34
2018 9 9 Wisconsin 20 Commits 86.48 5-Star 0 4-Star 1 3-Star 19 195.04,2018,14,Wisconsin ,20,86.48,0,1,19,195.04
2018 10 10 Indiana 28 Commits 84.90 5-Star 0 4-Star 0 3-Star 27 190.77,2018,14,Indiana ,28,84.90,0,0,27,190.77
2018 11 11 Purdue 26 Commits 84.69 5-Star 0 4-Star 1 3-Star 24 188.31,2018,14,Purdue ,26,84.69,0,1,24,188.31
2018 12 14 Illinois 27 Commits 83.81 5-Star 0 4-Star 2 3-Star 23 185.83,2018,14,Illinois ,27,83.81,0,2,23,185.83
2018 13 12 Rutgers 33 Commits 84.29 5-Star 0 4-Star 0 3-Star 22 184.28,2018,14,Rutgers ,33,84.29,0,0,22,184.28
2018 14 13 Northwestern 18 Commits 85.43 5-Star 0 4-Star 1 3-Star 17 180.18,2018,14,Northwestern ,18,85.43,0,1,17,180.18
2019 1 1 Oregon 26 Commits 90.60 5-Star 1 4-Star 11 3-Star 14 277.98,2019,14,Oregon ,26,90.60,1,11,14,277.98
2019 2 2 Washington 23 Commits 90.10 5-Star 0 4-Star 15 3-Star 8 258.31,2019,14,Washington ,23,90.10,0,15,8,258.31
2019 3 3 Stanford 23 Commits 88.16 5-Star 0 4-Star 8 3-Star 14 242.58,2019,14,Stanford ,23,88.16,0,8,14,242.58
2019 4 4 USC 24 Commits 88.56 5-Star 0 4-Star 7 3-Star 16 242.53,2019,14,USC ,24,88.56,0,7,16,242.53
2019 5 5 Arizona State 24 Commits 86.75 5-Star 0 4-Star 5 3-Star 19 219.76,2019,15,Arizona State ,24,86.75,0,5,19,219.76
2019 6 6 UCLA 21 Commits 85.69 5-Star 0 4-Star 1 3-Star 20 199.61,2019,14,UCLA ,21,85.69,0,1,20,199.61
2019 7 8 Utah 19 Commits 86.12 5-Star 0 4-Star 4 3-Star 14 196.61,2019,14,Utah ,19,86.12,0,4,14,196.61
2019 8 7 California 24 Commits 85.64 5-Star 0 4-Star 1 3-Star 23 196.48,2019,14,California ,24,85.64,0,1,23,196.48
2019 9 9 Colorado 26 Commits 84.91 5-Star 0 4-Star 1 3-Star 25 194.55,2019,14,Colorado ,26,84.91,0,1,25,194.55
2019 10 10 Oregon State 22 Commits 84.55 5-Star 0 4-Star 1 3-Star 21 186.65,2019,15,Oregon State ,22,84.55,0,1,21,186.65
2019 11 11 Arizona 20 Commits 84.77 5-Star 0 4-Star 1 3-Star 19 182.67,2019,14,Arizona ,20,84.77,0,1,19,182.67
2019 12 12 Washington State 20 Commits 84.35 5-Star 0 4-Star 0 3-Star 20 174.14,2019,15,Washington State ,20,84.35,0,0,20,174.14
2020 1 2 Georgia 25 Commits 92.95 5-Star 4 4-Star 15 3-Star 6 313.16,2020,14,Georgia ,25,92.95,4,15,6,313.16
2020 2 1 Alabama 25 Commits 93.54 5-Star 4 4-Star 17 3-Star 4 310.24,2020,14,Alabama ,25,93.54,4,17,4,310.24
2020 3 3 LSU 22 Commits 93.26 5-Star 3 4-Star 13 3-Star 6 298.62,2020,14,LSU ,22,93.26,3,13,6,298.62
2020 4 4 Texas A&M 26 Commits 91.11 5-Star 2 4-Star 13 3-Star 11 289.26,2020,15,Texas A&M ,26,91.11,2,13,11,289.26
2020 5 6 Auburn 27 Commits 90.92 5-Star 0 4-Star 17 3-Star 10 275.87,2020,14,Auburn ,27,90.92,0,17,10,275.87
2020 6 5 Florida 24 Commits 90.74 5-Star 1 4-Star 17 3-Star 5 273.10,2020,14,Florida ,24,90.74,1,17,5,273.10
2020 7 7 Tennessee 23 Commits 89.91 5-Star 0 4-Star 13 3-Star 9 261.30,2020,14,Tennessee ,23,89.91,0,13,9,261.30
2020 8 8 South Carolina 24 Commits 88.62 5-Star 1 4-Star 8 3-Star 15 249.98,2020,15,South Carolina ,24,88.62,1,8,15,249.98
2020 9 10 Kentucky 23 Commits 88.39 5-Star 0 4-Star 7 3-Star 16 229.82,2020,14,Kentucky ,23,88.39,0,7,16,229.82
2020 10 9 Mississippi State 24 Commits 87.51 5-Star 0 4-Star 5 3-Star 18 220.16,2020,15,Mississippi State ,24,87.51,0,5,18,220.16
2020 11 11 Arkansas 23 Commits 86.24 5-Star 0 4-Star 4 3-Star 18 213.71,2020,14,Arkansas ,23,86.24,0,4,18,213.71
2020 12 12 Ole Miss 18 Commits 87.24 5-Star 0 4-Star 4 3-Star 14 203.99,2020,15,Ole Miss ,18,87.24,0,4,14,203.99
2020 13 13 Missouri 17 Commits 85.77 5-Star 0 4-Star 1 3-Star 16 182.85,2020,14,Missouri ,17,85.77,0,1,16,182.85
2020 14 14 Vanderbilt 19 Commits 84.75 5-Star 0 4-Star 0 3-Star 18 182.20,2020,14,Vanderbilt ,19,84.75,0,0,18,182.20
2021 1 1 Cincinnati 24 Commits 85.24 5-Star 0 4-Star 0 3-Star 24 190.66,2021,14,Cincinnati ,24,85.24,0,0,24,190.66
2021 2 2 Memphis 25 Commits 84.80 5-Star 0 4-Star 0 3-Star 25 187.31,2021,14,Memphis ,25,84.80,0,0,25,187.31
2021 3 3 SMU 18 Commits 85.46 5-Star 0 4-Star 1 3-Star 16 181.60,2021,14,SMU ,18,85.46,0,1,16,181.60
2021 4 4 UCF 20 Commits 84.60 5-Star 0 4-Star 1 3-Star 19 175.82,2021,14,UCF ,20,84.60,0,1,19,175.82
2021 5 5 USF 21 Commits 83.79 5-Star 0 4-Star 0 3-Star 21 167.63,2021,14,USF ,21,83.79,0,0,21,167.63
2021 6 6 Tulane 17 Commits 83.61 5-Star 0 4-Star 0 3-Star 17 156.56,2021,14,Tulane ,17,83.61,0,0,17,156.56
2021 7 7 Houston 16 Commits 84.32 5-Star 0 4-Star 0 3-Star 14 153.47,2021,14,Houston ,16,84.32,0,0,14,153.47
2021 8 8 East Carolina 14 Commits 83.16 5-Star 0 4-Star 0 3-Star 14 139.28,2021,15,East Carolina ,14,83.16,0,0,14,139.28
2021 9 9 Navy 30 Commits 79.64 5-Star 0 4-Star 0 3-Star 13 133.11,2021,14,Navy ,30,79.64,0,0,13,133.11
2021 10 10 Temple 12 Commits 82.40 5-Star 0 4-Star 0 3-Star 12 120.72,2021,14,Temple ,12,82.40,0,0,12,120.72
2021 11 11 Tulsa 11 Commits 82.07 5-Star 0 4-Star 0 3-Star 7 97.89,2021,14,Tulsa ,11,82.07,0,0,7,97.89
2017 1 1 Florida Atlantic 26 Commits 82.14 5-Star 0 4-Star 1 3-Star 18 171.18,2017,15,Florida Atlantic ,26,82.14,0,1,18,171.18
2017 2 3 Southern Miss 27 Commits 80.87 5-Star 0 4-Star 0 3-Star 16 152.71,2017,15,Southern Miss ,27,80.87,0,0,16,152.71
2017 3 2 UTSA 27 Commits 80.81 5-Star 0 4-Star 0 3-Star 17 151.48,2017,14,UTSA ,27,80.81,0,0,17,151.48
2017 4 4 Western Kentucky 26 Commits 79.70 5-Star 0 4-Star 0 3-Star 11 138.03,2017,15,Western Kentucky ,26,79.70,0,0,11,138.03
2017 5 6 FIU 19 Commits 81.03 5-Star 0 4-Star 0 3-Star 12 137.75,2017,14,FIU ,19,81.03,0,0,12,137.75
2017 6 8 Marshall 20 Commits 80.06 5-Star 0 4-Star 0 3-Star 9 132.84,2017,14,Marshall ,20,80.06,0,0,9,132.84
2017 7 5 Middle Tennessee State 24 Commits 80.02 5-Star 0 4-Star 0 3-Star 15 128.10,2017,16,Middle Tennessee State,24,80.02,0,0,15,128.10
2017 8 7 Louisiana Tech 19 Commits 79.60 5-Star 0 4-Star 0 3-Star 5 121.72,2017,15,Louisiana Tech ,19,79.60,0,0,5,121.72
2017 9 9 UAB 27 Commits 77.89 5-Star 0 4-Star 0 3-Star 5 115.95,2017,14,UAB ,27,77.89,0,0,5,115.95
2017 10 11 Charlotte 21 Commits 78.25 5-Star 0 4-Star 0 3-Star 5 111.82,2017,14,Charlotte ,21,78.25,0,0,5,111.82
2017 11 12 North Texas 19 Commits 78.79 5-Star 0 4-Star 0 3-Star 6 111.16,2017,15,North Texas ,19,78.79,0,0,6,111.16
2017 12 13 Rice 17 Commits 78.45 5-Star 0 4-Star 0 3-Star 3 101.12,2017,14,Rice ,17,78.45,0,0,3,101.12
2017 13 10 Old Dominion 19 Commits 77.99 5-Star 0 4-Star 0 3-Star 4 99.41,2017,15,Old Dominion ,19,77.99,0,0,4,99.41
2017 14 14 UTEP 17 Commits 77.20 5-Star 0 4-Star 0 3-Star 1 85.51,2017,14,UTEP ,17,77.20,0,0,1,85.51
2018 1 1 Notre Dame 27 Commits 90.05 5-Star 0 4-Star 14 3-Star 13 268.86,2018,15,Notre Dame ,27,90.05,0,14,13,268.86
2018 2 2 BYU 25 Commits 81.35 5-Star 0 4-Star 0 3-Star 17 160.52,2018,14,BYU ,25,81.35,0,0,17,160.52
2018 3 3 Massachusetts 24 Commits 78.85 5-Star 0 4-Star 0 3-Star 7 123.66,2018,14,Massachusetts ,24,78.85,0,0,7,123.66
2018 4 4 Army 41 Commits 77.68 5-Star 0 4-Star 0 3-Star 7 118.69,2018,14,Army ,41,77.68,0,0,7,118.69
2018 5 5 New Mexico State 20 Commits 78.32 5-Star 0 4-Star 0 3-Star 6 109.30,2018,16,New Mexico State,20,78.32,0,0,6,109.30
2018 6 6 Liberty 22 Commits 79.19 5-Star 0 4-Star 0 3-Star 3 80.33,2018,14,Liberty ,22,79.19,0,0,3,80.33
2019 1 1 Toledo 23 Commits 82.87 5-Star 0 4-Star 0 3-Star 19 162.01,2019,14,Toledo ,23,82.87,0,0,19,162.01
2019 2 2 Miami (OH) 30 Commits 80.77 5-Star 0 4-Star 0 3-Star 17 151.13,2019,15,Miami (OH) ,30,80.77,0,0,17,151.13
2019 3 3 Western Michigan 23 Commits 81.18 5-Star 0 4-Star 0 3-Star 15 148.70,2019,15,Western Michigan ,23,81.18,0,0,15,148.70
2019 4 4 Kent State 28 Commits 80.15 5-Star 0 4-Star 0 3-Star 14 138.12,2019,15,Kent State ,28,80.15,0,0,14,138.12
2019 5 7 Ohio 19 Commits 81.03 5-Star 0 4-Star 0 3-Star 13 138.11,2019,14,Ohio ,19,81.03,0,0,13,138.11
2019 6 6 Central Michigan 23 Commits 80.12 5-Star 0 4-Star 0 3-Star 12 137.96,2019,15,Central Michigan ,23,80.12,0,0,12,137.96
2019 7 8 Buffalo 27 Commits 79.89 5-Star 0 4-Star 0 3-Star 10 135.51,2019,14,Buffalo ,27,79.89,0,0,10,135.51
2019 8 5 Northern Illinois 20 Commits 80.79 5-Star 0 4-Star 0 3-Star 12 134.16,2019,15,Northern Illinois ,20,80.79,0,0,12,134.16
2019 9 9 Akron 24 Commits 79.23 5-Star 0 4-Star 0 3-Star 9 130.23,2019,14,Akron ,24,79.23,0,0,9,130.23
2019 10 10 Eastern Michigan 30 Commits 78.55 5-Star 0 4-Star 0 3-Star 10 124.96,2019,15,Eastern Michigan ,30,78.55,0,0,10,124.96
2019 11 11 Ball State 18 Commits 80.03 5-Star 0 4-Star 0 3-Star 10 122.89,2019,15,Ball State ,18,80.03,0,0,10,122.89
2019 12 12 Bowling Green 21 Commits 78.89 5-Star 0 4-Star 0 3-Star 7 115.37,2019,15,Bowling Green ,21,78.89,0,0,7,115.37
2020 1 1 Boise State 21 Commits 84.39 5-Star 0 4-Star 0 3-Star 19 170.85,2020,15,Boise State ,21,84.39,0,0,19,170.85
2020 2 2 UNLV 28 Commits 81.45 5-Star 0 4-Star 0 3-Star 22 160.84,2020,14,UNLV ,28,81.45,0,0,22,160.84
2020 3 3 San Diego State 19 Commits 82.11 5-Star 0 4-Star 0 3-Star 16 149.72,2020,16,San Diego State,19,82.11,0,0,16,149.72
2020 4 5 Fresno State 19 Commits 82.26 5-Star 0 4-Star 0 3-Star 17 146.72,2020,15,Fresno State ,19,82.26,0,0,17,146.72
2020 5 4 Colorado State 19 Commits 81.95 5-Star 0 4-Star 0 3-Star 17 146.35,2020,15,Colorado State ,19,81.95,0,0,17,146.35
2020 6 10 New Mexico 25 Commits 80.73 5-Star 0 4-Star 0 3-Star 16 144.61,2020,15,New Mexico ,25,80.73,0,0,16,144.61
2020 7 6 Air Force 46 Commits 79.97 5-Star 0 4-Star 0 3-Star 18 142.84,2020,15,Air Force ,46,79.97,0,0,18,142.84
2020 8 9 Wyoming 24 Commits 80.57 5-Star 0 4-Star 0 3-Star 18 138.13,2020,14,Wyoming ,24,80.57,0,0,18,138.13
2020 9 7 San Jose State 19 Commits 81.03 5-Star 0 4-Star 0 3-Star 13 136.07,2020,16,San Jose State,19,81.03,0,0,13,136.07
2020 10 8 Nevada 22 Commits 80.19 5-Star 0 4-Star 0 3-Star 14 134.40,2020,14,Nevada ,22,80.19,0,0,14,134.40
2020 11 11 Utah State 21 Commits 80.42 5-Star 0 4-Star 0 3-Star 12 131.74,2020,15,Utah State ,21,80.42,0,0,12,131.74
2020 12 12 Hawaii 19 Commits 80.36 5-Star 0 4-Star 0 3-Star 12 129.31,2020,14,Hawaii ,19,80.36,0,0,12,129.31
2021 1 1 Louisiana 21 Commits 83.53 5-Star 0 4-Star 0 3-Star 19 163.32,2021,14,Louisiana ,21,83.53,0,0,19,163.32
2021 2 2 Appalachian State 22 Commits 82.83 5-Star 0 4-Star 0 3-Star 21 160.54,2021,15,Appalachian State ,22,82.83,0,0,21,160.54
2021 3 3 Coastal Carolina 19 Commits 82.77 5-Star 0 4-Star 0 3-Star 15 154.41,2021,15,Coastal Carolina ,19,82.77,0,0,15,154.41
2021 4 6 Georgia Southern 22 Commits 81.18 5-Star 0 4-Star 0 3-Star 17 142.54,2021,15,Georgia Southern ,22,81.18,0,0,17,142.54
2021 5 8 Louisiana-Monroe 19 Commits 82.17 5-Star 0 4-Star 0 3-Star 16 138.09,2021,14,Louisiana-Monroe ,19,82.17,0,0,16,138.09
2021 6 4 Arkansas State 17 Commits 82.80 5-Star 0 4-Star 0 3-Star 14 136.63,2021,15,Arkansas State ,17,82.80,0,0,14,136.63
2021 7 5 Georgia State 15 Commits 82.20 5-Star 0 4-Star 0 3-Star 14 134.55,2021,15,Georgia State ,15,82.20,0,0,14,134.55
2021 8 7 Troy 15 Commits 82.07 5-Star 0 4-Star 0 3-Star 13 133.65,2021,14,Troy ,15,82.07,0,0,13,133.65
2021 9 9 South Alabama 11 Commits 81.65 5-Star 0 4-Star 0 3-Star 11 107.68,2021,15,South Alabama ,11,81.65,0,0,11,107.68
2021 10 10 Texas State 5 Commits 82.34 5-Star 0 4-Star 0 3-Star 3 48.49,2021,15,Texas State ,5,82.34,0,0,3,48.49
